City_ID,City,Country,Date,Lat,Lng,Max Temp,Humidity,Cloudiness,Wind Speed
0,Grand Gaube,MU,2021-11-23 05:40:16,-20.0064,57.6608,300.58,61,17,2.24
1,Qaqortoq,GL,2021-11-23 05:40:17,60.7167,-46.0333,267.43,79,3,2.61
2,Badiraguato,MX,2021-11-23 05:40:18,25.3667,-107.5167,291.59,57,83,1.48
3,Longyearbyen,SJ,2021-11-23 05:37:06,78.2186,15.6401,257.06,72,20,1.54
4,Dingle,PH,2021-11-23 05:40:18,10.9995,122.6711,302.8,74,76,5.17
5,Codrington,AU,2021-11-23 05:40:19,-38.2667,141.9667,290.02,97,100,4.79
6,Avera,US,2021-11-23 05:40:19,33.194,-82.5271,281.88,37,22,4.5
7,Mendi,PG,2021-11-23 05:40:20,-6.1761,143.6513,290.12,95,84,1.25
8,Georgetown,MY,2021-11-23 05:40:20,5.4112,100.3354,305.12,66,40,3.09
9,Port Hardy,CA,2021-11-23 05:40:20,50.6996,-127.4199,280.15,100,90,1.54
10,Fairbanks,US,2021-11-23 05:40:02,64.8378,-147.7164,256.26,70,90,4.63
11,Sinnamary,GF,2021-11-23 05:40:21,5.3833,-52.95,298.28,88,67,2.37
12,Cayenne,GF,2021-11-23 05:40:22,4.9333,-52.3333,300.42,85,75,0.45
13,Bluff,NZ,2021-11-23 05:35:48,-46.6,168.3333,286.67,73,29,5.37
14,Clyde River,CA,2021-11-23 05:40:22,70.4692,-68.5914,264.28,86,100,8.23
15,Yanam,IN,2021-11-23 05:40:23,16.7333,82.2167,305.37,64,19,1.75
16,Duluth,US,2021-11-23 05:37:33,46.7833,-92.1066,269.3,67,90,0.89
17,Mianyang,CN,2021-11-23 05:40:23,31.4593,104.7542,287.56,44,95,2.86
18,Bredasdorp,ZA,2021-11-23 05:40:24,-34.5322,20.0403,291.08,56,45,3.87
19,Bonthe,SL,2021-11-23 05:40:25,7.5264,-12.505,298.35,87,18,1.72
20,Abbeville,FR,2021-11-23 05:40:25,50.1,1.8333,276.13,87,16,2.33
21,Hamilton,US,2021-11-23 05:40:26,39.1834,-84.5333,271.15,79,1,0.89
22,Port-Cartier,CA,2021-11-23 05:40:26,50.0334,-66.8654,274.12,60,100,3.95
23,Puerto Ayora,EC,2021-11-23 05:40:26,-0.7393,-90.3518,293.04,77,24,2.79
24,Tuscaloosa,US,2021-11-23 05:40:27,33.2098,-87.5692,278.69,71,1,1.54
25,New Norfolk,AU,2021-11-23 05:40:27,-42.7826,147.0587,298.08,40,99,1.34
26,Hasaki,JP,2021-11-23 05:40:28,35.7333,140.8333,289.37,74,100,7.43
27,Hilo,US,2021-11-23 05:37:05,19.7297,-155.09,297.75,88,90,0.0
28,Mocuba,MZ,2021-11-23 05:40:29,-16.8392,36.9856,305.25,46,90,2.05
29,Avarua,CK,2021-11-23 05:40:29,-21.2078,-159.775,298.18,73,90,2.57
30,Mar Del Plata,AR,2021-11-23 05:36:10,-38.0023,-57.5575,286.41,64,4,0.89
31,Namatanai,PG,2021-11-23 05:40:30,-3.6667,152.4333,301.06,78,96,4.07
32,Iralaya,HN,2021-11-23 05:40:30,15.0,-83.2333,298.08,80,60,4.56
33,Vaini,TO,2021-11-23 05:40:31,-21.2,-175.2,300.24,83,75,3.6
34,Meulaboh,ID,2021-11-23 05:40:31,4.1363,96.1285,300.11,81,100,1.01
35,Kupino,RU,2021-11-23 05:40:31,54.3663,77.2981,273.16,95,100,8.02
36,Atuona,PF,2021-11-23 05:40:32,-9.8,-139.0333,298.9,75,100,4.87
37,Lagoa,PT,2021-11-23 05:40:32,39.05,-27.9833,291.37,87,42,8.11
38,Ambon,ID,2021-11-23 05:40:33,-3.6954,128.1814,305.23,58,40,3.6
39,Aksu,CN,2021-11-23 05:38:34,41.1231,80.2644,276.52,35,0,0.28
40,Kabanjahe,ID,2021-11-23 05:40:34,3.1001,98.4908,294.57,83,100,1.02
41,Saint George,US,2021-11-23 05:36:34,37.1041,-113.5841,282.48,30,1,0.45
42,Manzhouli,CN,2021-11-23 05:40:34,49.6,117.4333,261.47,62,1,6.33
43,Yerbogachen,RU,2021-11-23 05:40:35,61.2767,108.0108,256.44,81,58,4.26
44,Hermanus,ZA,2021-11-23 05:41:35,-34.4187,19.2345,293.65,67,26,5.02
45,Buritis,BR,2021-11-23 05:41:35,-15.6178,-46.4233,294.81,95,99,1.06
46,Luderitz,NA,2021-11-23 05:41:36,-26.6481,15.1594,291.75,64,44,6.53
47,Provideniya,RU,2021-11-23 05:41:36,64.3833,-173.3,261.21,52,1,6.0
48,Bethel,US,2021-11-23 05:41:37,41.3712,-73.414,275.4,63,1,0.45
49,Baykit,RU,2021-11-23 05:41:37,61.67,96.37,265.34,96,100,1.41
50,Khatanga,RU,2021-11-23 05:41:38,71.9667,102.5,254.76,78,98,10.04
51,Acari,PE,2021-11-23 05:41:38,-15.4311,-74.6158,292.73,81,85,1.29
52,Severo-Kurilsk,RU,2021-11-23 05:41:39,50.6789,156.125,276.49,84,99,10.61
53,Lancaster,US,2021-11-23 05:41:39,40.2504,-76.2499,274.05,66,1,0.45
54,Mokhsogollokh,RU,2021-11-23 05:41:40,61.4681,128.9203,247.64,87,100,1.17
55,Los Llanos De Aridane,ES,2021-11-23 05:41:40,28.6585,-17.9182,291.01,80,0,2.68
56,East London,ZA,2021-11-23 05:37:22,-33.0153,27.9116,291.67,94,40,4.63
57,Ushuaia,AR,2021-11-23 05:41:41,-54.8,-68.3,275.96,75,40,2.06
58,Ribeira Grande,PT,2021-11-23 05:41:41,38.5167,-28.7,292.14,85,17,7.85
59,Cherskiy,RU,2021-11-23 05:41:41,68.75,161.3,237.16,100,56,1.59
60,Ponta Do Sol,PT,2021-11-23 05:41:42,32.6667,-17.1,292.43,70,94,2.78
61,Hereford,GB,2021-11-23 05:37:59,52.0568,-2.7148,277.04,95,15,1.5
62,Capao Da Canoa,BR,2021-11-23 05:41:43,-29.7456,-50.0097,294.24,74,2,2.71
63,Punta Arenas,CL,2021-11-23 05:39:26,-53.15,-70.9167,277.21,70,75,2.57
64,Namibe,AO,2021-11-23 05:41:43,-15.1961,12.1522,295.28,69,66,2.67
65,Alice Springs,AU,2021-11-23 05:37:08,-23.7,133.8833,298.9,61,87,7.72
66,Escarcega,MX,2021-11-23 05:41:44,18.6089,-90.7454,292.94,98,25,1.32
67,Albany,US,2021-11-23 05:37:42,42.6001,-73.9662,273.2,72,18,0.45
68,Rikitea,PF,2021-11-23 05:41:45,-23.1203,-134.9692,297.57,78,0,4.87
69,Chapais,CA,2021-11-23 05:41:45,49.7834,-74.8492,262.03,91,100,4.1
70,Tasiilaq,GL,2021-11-23 05:41:46,65.6145,-37.6368,270.24,66,97,4.09
71,Bambous Virieux,MU,2021-11-23 05:41:46,-20.3428,57.7575,300.49,69,40,3.09
72,Yellowknife,CA,2021-11-23 05:35:29,62.456,-114.3525,250.05,77,75,7.72
73,Jamestown,US,2021-11-23 05:38:21,42.097,-79.2353,273.92,67,90,4.47
74,Russkaya Polyana,UA,2021-11-23 05:41:47,49.417,31.9201,274.11,59,99,2.82
75,Kodiak,US,2021-11-23 05:36:57,57.79,-152.4072,261.88,62,1,3.09
76,Mataura,NZ,2021-11-23 05:41:48,-46.1927,168.8643,288.77,53,69,2.82
77,Korla,CN,2021-11-23 05:41:48,41.7597,86.1469,274.82,44,7,2.22
78,Yumen,CN,2021-11-23 05:41:49,40.2833,97.2,276.16,21,6,12.25
79,Outjo,NA,2021-11-23 05:41:50,-20.1167,16.15,293.3,15,0,2.9
80,Cedar City,US,2021-11-23 05:37:02,37.6775,-113.0619,272.69,40,1,0.0
81,Cape Town,ZA,2021-11-23 05:41:50,-33.9258,18.4232,293.77,64,0,8.23
82,Hobart,AU,2021-11-23 05:41:51,-42.8794,147.3294,298.27,54,40,0.89
83,Port Lincoln,AU,2021-11-23 05:41:51,-34.7333,135.8667,294.35,58,72,4.1
84,Innisfail,AU,2021-11-23 05:41:52,-17.5333,146.0333,302.09,69,18,4.1
85,Marsa Matruh,EG,2021-11-23 05:41:52,31.3525,27.2453,286.26,94,8,2.06
86,Cowra,AU,2021-11-23 05:41:52,-33.8333,148.6833,297.19,66,100,1.47
87,Rantepao,ID,2021-11-23 05:41:53,-2.9701,119.8978,299.09,83,30,1.31
88,Tautira,PF,2021-11-23 05:41:53,-17.7333,-149.15,299.16,78,88,6.33
89,Faanui,PF,2021-11-23 05:41:54,-16.4833,-151.75,300.33,77,97,4.74
90,Victoria,HK,2021-11-23 05:42:54,22.2855,114.1577,291.62,81,80,0.45
91,Torbay,CA,2021-11-23 05:42:55,47.6666,-52.7314,276.25,82,90,6.69
92,Norman Wells,CA,2021-11-23 05:42:55,65.282,-126.8329,245.17,76,75,3.09
93,Kota Belud,MY,2021-11-23 05:42:55,6.351,116.4305,305.07,70,72,2.3
94,Beloha,MG,2021-11-23 05:42:56,-25.1667,45.05,302.79,48,54,2.66
95,Mayo,US,2021-11-23 05:42:56,38.8876,-76.5119,276.57,57,65,1.34
96,Irbeyskoye,RU,2021-11-23 05:42:57,55.6428,95.4522,273.72,68,58,4.6
97,Teguise,ES,2021-11-23 05:42:57,29.0605,-13.564,289.27,88,81,1.03
98,Necochea,AR,2021-11-23 05:42:37,-38.5473,-58.7368,280.95,70,1,3.48
99,Port Blair,IN,2021-11-23 05:41:20,11.6667,92.75,302.4,70,83,5.33
100,Kapaa,US,2021-11-23 05:42:58,22.0752,-159.319,299.33,79,90,0.89
101,Butaritari,KI,2021-11-23 05:42:59,3.0707,172.7902,301.13,77,20,5.96
102,Grindavik,IS,2021-11-23 05:42:59,63.8424,-22.4338,278.41,65,75,6.17
103,Tazovskiy,RU,2021-11-23 05:43:00,67.4667,78.7,263.49,94,100,6.55
104,Bitung,ID,2021-11-23 05:43:00,1.4451,125.1824,303.62,75,82,4.98
105,Port Alfred,ZA,2021-11-23 05:43:01,-33.5906,26.891,291.34,76,93,10.87
106,Burnie,AU,2021-11-23 05:43:01,-41.0667,145.9167,290.09,76,100,3.44
107,Nikolskoye,RU,2021-11-23 05:43:02,59.7035,30.7861,270.94,91,99,2.52
108,Turayf,SA,2021-11-23 05:43:02,31.6725,38.6637,281.29,93,0,2.57
109,Shache,CN,2021-11-23 05:43:03,38.4167,77.2406,278.17,24,0,1.87
110,Wagar,SD,2021-11-23 05:43:03,16.1525,36.2032,297.72,64,44,4.25
111,Galiakot,IN,2021-11-23 05:43:03,23.5167,74.0,302.05,47,1,0.38
112,Agirish,RU,2021-11-23 05:43:04,61.9247,63.0231,261.37,93,93,2.72
113,Chuy,UY,2021-11-23 05:43:04,-33.6971,-53.4616,289.76,66,7,7.03
114,Horsham,GB,2021-11-23 05:43:05,51.064,-0.3272,277.73,94,75,0.51
115,Shingu,JP,2021-11-23 05:43:05,33.7333,135.9833,286.7,57,4,6.29
116,Hithadhoo,MV,2021-11-23 05:43:06,-0.6,73.0833,300.46,79,100,8.23
117,Lazaro Cardenas,MX,2021-11-23 05:43:07,17.9583,-102.2,297.15,88,6,1.71
118,Gijon,ES,2021-11-23 05:43:07,43.5357,-5.6615,285.26,82,100,5.36
119,Coquimbo,CL,2021-11-23 05:43:07,-29.9533,-71.3436,288.0,82,90,2.57
120,Alofi,NU,2021-11-23 05:43:08,-19.0595,-169.9187,300.09,69,67,4.12
121,Viedma,AR,2021-11-23 05:43:08,-40.8135,-62.9967,282.31,70,8,2.96
122,Requena,ES,2021-11-23 05:43:09,39.4883,-1.1004,279.75,87,100,1.77
123,Gushikawa,JP,2021-11-23 05:42:39,26.3544,127.8686,294.72,58,75,5.66
124,Morant Bay,JM,2021-11-23 05:43:10,17.8815,-76.4093,299.94,82,97,1.79
125,Olafsvik,IS,2021-11-23 05:43:10,64.8945,-23.7142,277.67,60,77,6.57
126,Paita,PE,2021-11-23 05:43:10,-5.0892,-81.1144,292.02,78,62,2.79
127,Girne,CY,2021-11-23 05:43:11,35.3417,33.3167,289.12,69,11,3.09
128,Busselton,AU,2021-11-23 05:43:11,-33.65,115.3333,295.39,44,0,6.33
129,Ucluelet,CA,2021-11-23 05:42:01,48.9329,-125.5528,280.42,92,100,1.63
130,Jacareacanga,BR,2021-11-23 05:43:12,-6.2222,-57.7528,296.19,97,100,0.76
131,Sibolga,ID,2021-11-23 05:43:13,1.7427,98.7792,302.85,64,100,3.01
132,Labuhan,ID,2021-11-23 05:43:13,-6.8844,112.2051,303.4,68,65,3.7
133,Barrow,US,2021-11-23 05:43:14,71.2906,-156.7887,254.16,78,90,2.06
134,Saint-Philippe,RE,2021-11-23 05:43:14,-21.3585,55.7679,301.9,63,27,4.59
135,Killybegs,IE,2021-11-23 05:43:15,54.6333,-8.45,277.29,78,82,2.62
136,Carnarvon,AU,2021-11-23 05:43:15,-24.8667,113.6333,298.19,53,0,10.29
137,Tambopata,PE,2021-11-23 05:44:15,-12.7333,-69.1833,296.29,87,100,0.58
138,Nuuk,GL,2021-11-23 05:44:16,64.1835,-51.7216,267.49,79,20,1.54
139,Daokou,CN,2021-11-23 05:44:17,35.5639,114.5058,283.92,21,0,2.72
140,Fare,PF,2021-11-23 05:44:17,-16.7,-151.0167,300.19,76,100,4.88
141,Acapulco,MX,2021-11-23 05:41:53,16.8634,-99.8901,298.5,84,5,2.42
142,Upernavik,GL,2021-11-23 05:44:18,72.7868,-56.1549,256.63,86,9,2.66
143,Gazli,UZ,2021-11-23 05:44:18,40.1333,63.45,287.19,24,99,2.87
144,Marapanim,BR,2021-11-23 05:44:19,-0.7175,-47.6997,296.98,90,54,1.04
145,Kirakira,SB,2021-11-23 05:44:19,-10.4544,161.9205,301.08,80,91,3.06
146,Filadelfia,US,2021-11-23 05:44:09,39.9523,-75.1638,275.34,55,1,1.79
147,Tahoua,NE,2021-11-23 05:44:20,14.8888,5.2692,297.14,22,0,4.12
148,Qaanaaq,GL,2021-11-23 05:44:20,77.484,-69.3632,251.39,87,97,3.6
149,Molina,CL,2021-11-23 05:44:21,-35.1167,-71.2833,291.0,55,0,2.57
150,San Francisco,US,2021-11-23 05:39:51,37.7749,-122.4194,288.52,78,20,1.79
151,Beringovskiy,RU,2021-11-23 05:44:22,63.05,179.3167,253.06,93,95,6.0
152,Sembe,CG,2021-11-23 05:44:22,1.6481,14.5806,295.45,92,67,0.29
153,Tuktoyaktuk,CA,2021-11-23 05:44:23,69.4541,-133.0374,252.15,77,75,5.66
154,Eyl,SO,2021-11-23 05:44:23,7.9803,49.8164,301.65,50,75,3.93
155,Sarata,UA,2021-11-23 05:44:24,46.0197,29.6657,280.08,83,100,2.68
156,Bathsheba,BB,2021-11-23 05:44:24,13.2167,-59.5167,299.49,78,40,6.17
157,Mandalgovi,MN,2021-11-23 05:44:25,45.7625,106.2708,271.0,25,38,5.28
158,Port Elizabeth,ZA,2021-11-23 05:44:25,-33.918,25.5701,290.31,72,90,5.14
159,Bismarck,US,2021-11-23 05:40:29,46.8083,-100.7837,275.86,73,1,2.24
160,Saint Anthony,US,2021-11-23 05:44:26,45.0205,-93.218,272.12,59,1,1.34
161,Dabat,ET,2021-11-23 05:44:26,12.9842,37.765,289.0,47,32,1.98
162,Odweyne,SO,2021-11-23 05:44:27,9.4092,45.064,298.07,17,80,7.01
163,Daru,PG,2021-11-23 05:41:28,-9.0763,143.2092,302.52,70,36,4.12
164,Doha,QA,2021-11-23 05:44:28,25.2867,51.5333,299.09,86,20,2.57
165,Ambajogai,IN,2021-11-23 05:44:28,18.7333,76.3833,301.4,58,60,2.38
166,Leningradskiy,RU,2021-11-23 05:44:29,69.3833,178.4167,246.89,88,23,1.92
167,Guerrero Negro,MX,2021-11-23 05:43:18,27.9769,-114.0611,293.13,62,100,3.99
168,Lavrentiya,RU,2021-11-23 05:44:30,65.5833,-171.0,253.83,93,8,4.51
169,Grants,US,2021-11-23 05:44:30,35.1473,-107.8514,267.28,45,1,2.06
170,Goure,NE,2021-11-23 05:44:31,13.9835,10.2704,298.16,20,22,3.9
171,Aklavik,CA,2021-11-23 05:44:31,68.2191,-135.0107,248.61,94,100,5.0
172,Saldanha,ZA,2021-11-23 05:44:31,-33.0117,17.9442,290.18,69,6,5.42
173,Solnechnyy,RU,2021-11-23 05:44:32,50.7214,136.6319,270.36,98,100,3.57
174,Kavaratti,IN,2021-11-23 05:44:32,10.5669,72.642,300.53,75,82,3.26
175,Severnyy,RU,2021-11-23 05:44:33,50.677,36.5532,270.17,80,0,3.0
176,Thompson,CA,2021-11-23 05:44:34,55.7435,-97.8558,254.24,84,90,1.54
177,Alexandria,EG,2021-11-23 05:44:34,31.2156,29.9553,288.45,88,10,1.03
178,Nome,US,2021-11-23 05:44:34,64.5011,-165.4064,260.19,47,1,8.23
179,Chokurdakh,RU,2021-11-23 05:44:35,70.6333,147.9167,250.51,98,100,2.57
180,Igrim,RU,2021-11-23 05:44:35,63.1906,64.4162,262.46,95,98,2.04
181,Maniwaki,CA,2021-11-23 05:44:36,46.3834,-75.966,269.45,63,48,4.12
182,Tiksi,RU,2021-11-23 05:45:36,71.6872,128.8694,243.25,97,51,3.38
183,Raudeberg,NO,2021-11-23 05:45:37,61.9875,5.1352,279.79,95,100,2.68
184,Ancud,CL,2021-11-23 05:45:37,-41.8697,-73.8203,281.16,92,49,1.39
185,Kilgore,US,2021-11-23 05:45:38,32.3863,-94.8758,280.11,93,1,3.6
186,Zhiryatino,RU,2021-11-23 05:45:38,53.2228,33.7306,267.33,73,68,1.94
187,Batemans Bay,AU,2021-11-23 05:45:39,-35.7167,150.1833,295.92,73,100,4.57
188,Berlevag,NO,2021-11-23 05:45:39,70.8578,29.0864,270.24,56,100,4.28
189,Zhuhai,CN,2021-11-23 05:45:40,22.2769,113.5678,291.47,59,40,8.75
190,Flinders,AU,2021-11-23 05:45:40,-34.5833,150.8552,296.03,74,100,1.79
191,Tura,IN,2021-11-23 05:45:41,25.5198,90.2201,298.13,42,0,2.0
192,Coahuayana,MX,2021-11-23 05:45:41,18.7333,-103.6833,296.65,88,55,1.46
193,Sao Joao Da Barra,BR,2021-11-23 05:45:41,-21.6403,-41.0511,292.31,79,37,2.01
194,Karaidel,RU,2021-11-23 05:45:42,55.8337,56.9069,266.98,94,100,6.13
195,Saint Andrews,US,2021-11-23 05:43:09,34.0454,-81.1293,283.0,53,75,2.57
196,Kalmunai,LK,2021-11-23 05:45:43,7.4167,81.8167,300.82,79,100,4.38
197,Wenling,CN,2021-11-23 05:44:06,28.3669,121.36,284.42,43,7,2.77
198,Esperance,AU,2021-11-23 05:45:43,-33.8667,121.9,290.06,69,92,7.37
199,Lesnikovo,RU,2021-11-23 05:45:44,55.2822,65.3175,269.3,83,98,6.52
200,Kifri,IQ,2021-11-23 05:45:44,34.6959,44.9661,291.62,49,0,2.91
201,San Patricio,US,2021-11-23 05:45:45,28.017,-97.5169,291.39,56,94,2.96
202,Marsh Harbour,BS,2021-11-23 05:45:46,26.5412,-77.0636,297.31,74,8,6.81
203,Davila,PH,2021-11-23 05:45:46,18.4726,120.5763,304.14,78,18,12.16
204,Warwick,US,2021-11-23 05:45:47,41.7001,-71.4162,277.22,65,75,4.63
205,Port-Gentil,GA,2021-11-23 05:45:47,-0.7193,8.7815,299.13,89,90,1.54
206,Shimoda,JP,2021-11-23 05:45:48,34.6667,138.95,288.35,57,1,14.55
207,Anamur,TR,2021-11-23 05:45:49,36.0751,32.8369,288.16,64,19,3.0
208,Praia Da Vitoria,PT,2021-11-23 05:45:49,38.7333,-27.0667,291.29,94,40,5.65
209,Bengkulu,ID,2021-11-23 05:45:49,-3.8004,102.2655,301.09,68,93,2.74
210,Monrovia,LR,2021-11-23 05:45:50,6.3005,-10.7969,297.02,89,21,2.52
211,Chateauneuf-Les-Martigues,FR,2021-11-23 05:45:50,43.3833,5.1667,286.22,90,0,1.54
212,Oyem,GA,2021-11-23 05:45:51,1.5995,11.5793,293.07,97,58,0.68
213,Zhangjiakou,CN,2021-11-23 05:45:51,40.81,114.8794,273.32,33,1,3.95
214,Deori,IN,2021-11-23 05:45:52,21.45,82.6167,303.01,41,5,2.03
215,Tondano,ID,2021-11-23 05:45:52,1.3038,124.9112,300.2,79,93,1.23
216,At-Bashi,KG,2021-11-23 05:45:52,41.1702,75.8106,273.55,40,2,0.39
217,Airai,TL,2021-11-23 05:45:53,-8.9266,125.4092,296.08,63,79,0.73
218,Bubaque,GW,2021-11-23 05:45:53,11.2833,-15.8333,300.93,76,5,2.34
219,Luanda,AO,2021-11-23 05:45:54,-8.8368,13.2343,299.15,83,75,3.09
220,Tarboro,US,2021-11-23 05:45:54,35.8968,-77.5358,280.14,70,90,3.6
221,Ilulissat,GL,2021-11-23 05:37:36,69.2167,-51.1,265.16,57,20,5.66
222,Hatillo,PR,2021-11-23 05:45:55,18.4863,-66.8254,297.63,90,98,1.87
223,Sumenep,ID,2021-11-23 05:45:56,-7.0167,113.8667,303.5,67,98,1.6
224,Pekalongan,ID,2021-11-23 05:46:56,-6.8886,109.6753,302.6,70,87,2.6
225,Kyra,RU,2021-11-23 05:46:57,49.5776,111.9753,264.83,63,3,0.7
226,Mikuni,JP,2021-11-23 05:46:57,36.2171,136.1519,281.1,67,98,11.65
227,Atlantic City,US,2021-11-23 05:46:58,39.3643,-74.4229,276.47,56,67,8.8
228,Valpacos,PT,2021-11-23 05:46:58,41.6075,-7.3109,279.67,91,100,1.49
229,Umm Lajj,SA,2021-11-23 05:46:59,25.0213,37.2685,296.81,30,2,5.15
230,Souillac,MU,2021-11-23 05:46:59,-20.5167,57.5167,301.13,69,40,3.09
231,Krasnoselkup,RU,2021-11-23 05:42:42,65.7,82.4667,267.99,96,99,5.78
232,Rovaniemi,FI,2021-11-23 05:47:00,66.5,25.7167,260.82,85,0,1.03
233,Lata,PT,2021-11-23 05:45:24,40.1629,-8.3327,280.27,80,11,1.19
234,Geraldton,AU,2021-11-23 05:47:01,-28.7667,114.6,297.38,50,0,10.29
235,Kollam,IN,2021-11-23 05:47:01,8.8833,76.6,302.08,74,80,2.76
236,Roald,NO,2021-11-23 05:47:02,62.5833,6.1333,281.23,81,75,8.75
237,Nanortalik,GL,2021-11-23 05:47:03,60.1432,-45.2371,267.06,74,4,6.24
238,Padang,ID,2021-11-23 05:47:03,-0.9492,100.3543,303.18,63,100,3.33
239,Maragogi,BR,2021-11-23 05:47:04,-9.0122,-35.2225,297.78,81,74,1.61
240,Sept-Iles,CA,2021-11-23 05:44:40,50.2001,-66.3821,274.29,76,90,2.68
241,Vostok,RU,2021-11-23 05:47:05,46.4856,135.8833,260.75,91,100,6.36
242,Baghdad,IQ,2021-11-23 05:45:50,33.3406,44.4009,286.1,67,0,2.06
243,Seoul,KR,2021-11-23 05:37:33,37.5683,126.9778,275.91,48,75,5.14
244,Urengoy,RU,2021-11-23 05:47:05,65.9667,78.3667,265.38,95,100,4.26
245,Otane,NZ,2021-11-23 05:47:06,-39.8833,176.6333,290.03,74,99,2.47
246,Dikson,RU,2021-11-23 05:47:07,73.5069,80.5464,250.97,96,100,8.23
247,Haines Junction,CA,2021-11-23 05:46:51,60.7522,-137.5108,256.12,85,100,1.03
248,Tungor,RU,2021-11-23 05:47:07,53.3808,142.9564,274.23,86,100,15.38
249,Rawson,AR,2021-11-23 05:47:08,-43.3002,-65.1023,283.67,58,82,7.59
250,Klaksvik,FO,2021-11-23 05:47:08,62.2266,-6.589,281.66,86,98,14.09
251,Lobatse,BW,2021-11-23 05:47:09,-25.2167,25.6667,289.77,31,58,3.18
252,College,US,2021-11-23 05:45:22,64.8569,-147.8028,256.25,70,90,5.66
253,Lorengau,PG,2021-11-23 05:45:36,-2.0226,147.2712,299.75,85,100,3.09
254,Potsdam,DE,2021-11-23 05:47:10,52.3989,13.0657,277.71,97,64,2.24
255,Panguipulli,CL,2021-11-23 05:45:42,-39.6333,-72.3333,282.99,75,0,1.3
256,Olinda,BR,2021-11-23 05:47:11,-8.0089,-34.8553,300.0,78,40,3.09
257,Kaitangata,NZ,2021-11-23 05:47:11,-46.2817,169.8464,286.23,66,88,1.63
258,Boyolangu,ID,2021-11-23 05:47:12,-8.1181,111.8935,302.34,68,98,1.08
259,Tocache,PE,2021-11-23 05:47:13,-8.1842,-76.5125,293.44,97,65,0.2
260,Ca Mau,VN,2021-11-23 05:47:13,9.1769,105.15,303.88,66,70,5.07
261,Castro,BR,2021-11-23 05:47:14,-24.7911,-50.0119,288.8,63,62,1.18
262,Meadow Lake,US,2021-11-23 05:47:14,34.8014,-106.5436,279.91,46,10,0.96
263,Asosa,ET,2021-11-23 05:47:15,10.0667,34.5333,295.23,44,48,3.24
264,Tubuala,PA,2021-11-23 05:47:15,9.5167,-79.0333,298.33,81,99,3.6
265,Cidreira,BR,2021-11-23 05:47:16,-30.1811,-50.2056,294.25,65,2,2.98
266,Sisimiut,GL,2021-11-23 05:47:16,66.9395,-53.6735,263.19,78,11,6.69
267,Portland,US,2021-11-23 05:42:42,45.5234,-122.6762,280.99,93,90,0.45
268,Sur,OM,2021-11-23 05:47:17,22.5667,59.5289,300.83,36,62,3.28
269,Leh,IN,2021-11-23 05:47:17,34.1667,77.5833,267.79,40,0,0.86
270,Salta,AR,2021-11-23 05:44:22,-24.7859,-65.4117,297.31,60,20,0.89
271,Arraial Do Cabo,BR,2021-11-23 05:48:18,-22.9661,-42.0278,293.07,73,0,3.09
272,Latung,PH,2021-11-23 05:48:19,5.5,120.8833,302.44,72,76,3.55
273,Saskylakh,RU,2021-11-23 05:48:19,71.9167,114.0833,241.64,98,10,4.04
274,Inuvik,CA,2021-11-23 05:48:20,68.3499,-133.7218,249.71,73,90,1.54
275,Kamenka,RU,2021-11-23 05:48:20,51.3223,42.7678,270.79,70,100,2.62
276,Kosh-Agach,RU,2021-11-23 05:48:21,50.0,88.6667,267.0,50,100,1.12
277,Sobolevo,RU,2021-11-23 05:48:21,54.4299,31.8996,268.25,72,73,2.26
278,Magadi,IN,2021-11-23 05:48:22,12.9667,77.2333,301.51,66,95,3.06
279,Asyut,EG,2021-11-23 05:48:23,27.181,31.1837,286.25,58,0,2.03
280,Ardakan,IR,2021-11-23 05:48:23,32.31,54.0175,287.36,71,2,1.44
281,Salamanca,ES,2021-11-23 05:41:07,40.8333,-6.0,275.37,100,100,3.25
282,Laela,TZ,2021-11-23 05:48:24,-8.5667,32.05,297.46,40,27,2.17
283,Ballina,AU,2021-11-23 05:48:25,-28.8667,153.5667,299.13,70,40,4.63
284,Ellensburg,US,2021-11-23 05:48:26,46.9965,-120.5479,274.53,93,90,0.0
285,Prince Rupert,CA,2021-11-23 05:48:26,54.3161,-130.3201,278.98,82,90,4.63
286,Amapa,BR,2021-11-23 05:48:26,1.0,-52.0,294.6,100,60,0.65
287,Birao,CF,2021-11-23 05:48:27,10.2849,22.7882,295.69,25,56,4.45
288,Mount Gambier,AU,2021-11-23 05:48:27,-37.8333,140.7667,291.1,72,90,4.63
289,Margate,GB,2021-11-23 05:48:28,51.3813,1.3862,279.43,90,54,5.82
290,Sitka,US,2021-11-23 05:48:28,57.0531,-135.33,276.09,75,90,4.12
291,Tabou,CI,2021-11-23 05:48:29,4.423,-7.3528,298.65,84,7,1.12
292,Mulege,MX,2021-11-23 05:48:29,26.8833,-111.9833,292.28,70,100,1.89
293,Det Udom,TH,2021-11-23 05:48:30,14.906,105.0784,303.73,56,61,5.3
294,Sharjah,AE,2021-11-23 05:47:51,25.3573,55.4033,306.14,39,0,1.54
295,Tahe,CN,2021-11-23 05:48:31,52.3333,124.7333,260.82,87,100,5.77
296,Mahebourg,MU,2021-11-23 05:48:31,-20.4081,57.7,301.07,69,40,3.09
297,Breytovo,RU,2021-11-23 05:48:32,58.2993,37.8617,265.25,91,32,3.25
298,Nosy Varika,MG,2021-11-23 05:48:33,-20.5833,48.5333,301.23,58,70,3.75
299,Ayr,GB,2021-11-23 05:48:33,55.4627,-4.6339,281.21,87,75,3.09
300,Bilma,NE,2021-11-23 05:48:34,18.6853,12.9164,295.06,24,0,3.72
301,Gamba,GA,2021-11-23 05:48:34,-2.65,10.0,297.13,93,100,4.89
302,Kucevo,RS,2021-11-23 05:48:35,44.4775,21.67,278.66,96,100,2.04
303,Rocha,UY,2021-11-23 05:47:26,-34.4833,-54.3333,288.04,68,29,6.34
304,Bilibino,RU,2021-11-23 05:48:35,68.0546,166.4372,243.18,88,4,1.6
305,Santa Cruz,BO,2021-11-23 05:45:03,-17.8,-63.1667,297.85,94,75,1.54
306,Khandyga,RU,2021-11-23 05:48:36,62.6667,135.6,246.12,92,100,1.1
307,Deputatskiy,RU,2021-11-23 05:48:36,69.3,139.9,239.91,98,83,2.27
308,Akyab,MM,2021-11-23 05:45:57,20.15,92.9,302.26,54,20,0.69
309,Tukrah,LY,2021-11-23 05:48:37,32.5341,20.5791,291.74,54,100,9.72
310,Hoquiam,US,2021-11-23 05:48:38,46.9809,-123.8893,282.55,95,90,2.57
311,Creel,MX,2021-11-23 05:48:38,27.75,-107.6333,280.26,69,100,1.96
312,Khani,GE,2021-11-23 05:48:39,41.9563,42.9566,274.91,52,6,1.42
313,Banyo,CM,2021-11-23 05:49:39,6.75,11.8167,293.57,59,37,1.06
314,Bodden Town,KY,2021-11-23 05:49:40,19.2833,-81.25,298.67,88,6,2.16
315,Lindas,NO,2021-11-23 05:49:40,60.7381,5.16,280.25,84,100,3.38
316,Puerto Madryn,AR,2021-11-23 05:49:41,-42.7692,-65.0385,283.9,64,78,8.15
317,Lokoja,NG,2021-11-23 05:49:41,7.8024,6.743,298.31,77,98,0.74
318,Talnakh,RU,2021-11-23 05:49:41,69.4865,88.3972,259.92,92,100,3.47
319,Nelson Bay,AU,2021-11-23 05:49:42,-32.7167,152.15,296.9,83,74,0.89
320,Mahon,ES,2021-11-23 05:46:03,39.8885,4.2658,284.46,93,20,3.6
321,Pozo Colorado,PY,2021-11-23 05:49:43,-23.4923,-58.7972,299.75,50,100,2.87
322,Saint-Medard-En-Jalles,FR,2021-11-23 05:49:43,44.8969,-0.7214,278.85,89,0,3.6
323,Visnes,NO,2021-11-23 05:49:44,59.3556,5.2242,281.25,81,40,5.14
324,Caravelas,BR,2021-11-23 05:49:45,-17.7125,-39.2481,294.28,88,100,1.65
325,Bose,IT,2021-11-23 05:49:45,45.4612,8.0137,282.15,93,100,2.32
326,Ust-Maya,RU,2021-11-23 05:49:46,60.4167,134.5333,248.62,89,100,1.53
327,Salalah,OM,2021-11-23 05:49:46,17.0151,54.0924,303.2,15,0,6.17
328,Puebloviejo,CO,2021-11-23 05:49:47,10.9938,-74.2844,300.26,78,75,1.03
329,Vestmannaeyjar,IS,2021-11-23 05:49:47,63.4427,-20.2734,279.32,78,100,5.99
330,Kattivakkam,IN,2021-11-23 05:49:48,13.2167,80.3167,304.2,80,100,4.48
331,Zahirabad,IN,2021-11-23 05:49:49,17.6833,77.6167,301.34,58,75,2.48
332,Matamoros,MX,2021-11-23 05:48:26,25.5333,-103.25,286.48,56,69,0.82
333,Shakawe,BW,2021-11-23 05:49:49,-18.3667,21.85,297.55,51,89,3.61
334,Karasjok,NO,2021-11-23 05:49:50,69.4719,25.5112,262.21,95,100,2.62
335,Bjornevatn,NO,2021-11-23 05:49:50,69.6672,29.9847,265.94,85,0,3.6
336,Touros,BR,2021-11-23 05:48:31,-5.1989,-35.4608,299.65,83,91,5.27
337,Ahipara,NZ,2021-11-23 05:49:51,-35.1667,173.1667,291.02,71,34,4.42
338,Pacific Grove,US,2021-11-23 05:47:16,36.6177,-121.9166,288.43,42,1,1.34
339,Sao Desiderio,BR,2021-11-23 05:49:52,-12.3633,-44.9733,295.3,91,90,1.09
340,Kabalo,CD,2021-11-23 05:49:52,-6.05,26.9167,296.55,89,99,0.5
341,Gweta,BW,2021-11-23 05:49:53,-20.1833,25.2333,296.9,62,100,3.48
342,Mecca,SA,2021-11-23 05:47:24,21.4267,39.8261,297.92,36,16,1.9
343,Kiruna,SE,2021-11-23 05:49:54,67.8557,20.2251,261.66,85,0,3.09
344,Lebu,CL,2021-11-23 05:46:00,-37.6167,-73.65,284.66,91,0,8.43
345,Port Hedland,AU,2021-11-23 05:49:54,-20.3167,118.5667,306.18,46,85,7.2
346,Honningsvag,NO,2021-11-23 05:49:55,70.9821,25.9704,270.01,63,20,7.2
347,Boli,CN,2021-11-23 05:49:55,45.7667,130.5167,263.18,79,100,9.85
348,Kalamnuri,IN,2021-11-23 05:49:56,19.6667,77.3333,301.8,59,69,2.69
349,Huarmey,PE,2021-11-23 05:49:56,-10.0681,-78.1522,291.63,85,97,2.84
350,Vasto,IT,2021-11-23 05:49:57,42.1243,14.7059,285.62,80,100,2.14
351,Harrisonburg,US,2021-11-23 05:48:00,38.4496,-78.8689,273.64,64,40,0.0
352,Araouane,ML,2021-11-23 05:49:57,18.9048,-3.5265,296.74,31,95,3.39
353,Paamiut,GL,2021-11-23 05:49:58,61.994,-49.6678,262.13,75,1,4.05
354,Okakarara,NA,2021-11-23 05:49:58,-20.5833,17.4333,292.35,17,2,2.75
355,Dundalk,US,2021-11-23 05:49:59,39.2507,-76.5205,276.23,59,1,0.45
356,Mosquera,CO,2021-11-23 05:49:59,4.7059,-74.2302,283.89,91,100,1.51
357,Mogok,MM,2021-11-23 05:50:00,22.9167,96.5,294.89,67,26,1.33
358,Shenjiamen,CN,2021-11-23 05:50:00,29.9576,122.298,281.94,50,24,8.11
359,Ongandjera,NA,2021-11-23 05:51:01,-17.8833,15.0667,294.88,20,5,2.69
360,Petropavlovsk-Kamchatskiy,RU,2021-11-23 05:51:01,53.0452,158.6483,271.48,69,0,2.0
361,Comodoro Rivadavia,AR,2021-11-23 05:51:02,-45.8667,-67.5,286.07,38,0,3.6
362,Tuatapere,NZ,2021-11-23 05:51:02,-46.1333,167.6833,286.72,72,31,3.63
363,Tarata,BO,2021-11-23 05:51:03,-17.6167,-66.0167,291.83,66,98,2.16
364,Bac Lieu,VN,2021-11-23 05:51:03,9.285,105.7244,303.03,68,68,6.61
365,Poum,NC,2021-11-23 05:51:04,-20.2333,164.0167,298.76,77,80,2.2
366,Narsaq,GL,2021-11-23 05:51:05,60.9167,-46.05,259.49,71,2,3.0
367,Entre Rios,BR,2021-11-23 05:51:05,-11.9419,-38.0844,294.32,97,62,1.1
368,San Quintin,MX,2021-11-23 05:51:06,30.4833,-115.95,291.51,68,93,1.74
369,Quang Ngai,VN,2021-11-23 05:51:06,15.1167,108.8,297.87,87,96,4.63
370,Dwarka,IN,2021-11-23 05:51:07,22.2394,68.9678,302.01,39,25,3.04
371,Kapoeta,SS,2021-11-23 05:51:07,4.7717,33.5903,303.08,35,100,3.88
372,Bonavista,CA,2021-11-23 05:51:08,48.6499,-53.1147,276.55,74,93,8.92
373,Fortuna,US,2021-11-23 05:51:08,40.5982,-124.1573,282.55,94,90,2.68
374,Sao Felix Do Xingu,BR,2021-11-23 05:51:09,-6.6447,-51.995,294.67,98,93,0.52
375,Loiza,PR,2021-11-23 05:51:09,18.4313,-65.8802,299.15,85,20,1.54
376,Komsomolskiy,UZ,2021-11-23 05:51:10,40.4272,71.7189,282.55,40,14,1.03
377,Yulara,AU,2021-11-23 05:51:10,-25.2406,130.9889,303.06,45,40,5.66
378,Myanaung,MM,2021-11-23 05:51:11,18.2833,95.3167,304.39,52,4,1.38
379,Natal,BR,2021-11-23 05:51:11,-5.795,-35.2094,299.51,89,40,3.6
380,Chisinau,MD,2021-11-23 05:51:12,47.0056,28.8575,279.78,98,75,3.13
381,Basco,PH,2021-11-23 05:51:13,20.4487,121.9702,297.82,80,94,12.94
382,High Level,CA,2021-11-23 05:51:13,58.5169,-117.136,260.21,85,90,4.63
383,Paragominas,BR,2021-11-23 05:51:14,-2.9667,-47.4833,295.41,91,99,0.78
384,Cosenza,IT,2021-11-23 05:51:14,39.31,16.2502,282.18,73,53,1.7
385,Impfondo,CG,2021-11-23 05:51:15,1.6381,18.0667,297.58,75,76,0.85
386,Thongwa,MM,2021-11-23 05:51:15,16.7619,96.5278,307.24,52,17,2.37
387,Santa Rosa,PH,2021-11-23 05:51:16,14.3122,121.1114,305.43,64,49,6.39
388,Vila Velha,BR,2021-11-23 05:51:16,-20.3297,-40.2925,294.12,88,75,1.03
389,Hami,CN,2021-11-23 05:51:17,42.8,93.45,272.95,44,62,0.61
390,Vanimo,PG,2021-11-23 05:51:17,-2.6741,141.3028,301.81,77,35,2.95
391,Loralai,PK,2021-11-23 05:51:15,30.3705,68.598,292.32,16,0,1.88
392,Ulundi,ZA,2021-11-23 05:51:18,-28.3352,31.4162,292.85,84,100,1.79
393,Santander Jimenez,MX,2021-11-23 05:51:19,24.2167,-98.4667,288.83,59,85,2.04
394,Mnogovershinnyy,RU,2021-11-23 05:51:19,53.9353,139.9242,271.16,95,100,12.87
395,Pevek,RU,2021-11-23 05:51:20,69.7008,170.3133,245.25,96,25,1.25
396,Vao,NC,2021-11-23 05:51:20,-22.6667,167.4833,296.96,80,100,4.99
397,Makokou,GA,2021-11-23 05:51:21,0.5738,12.8642,294.18,97,94,0.42
398,Bandarbeyla,SO,2021-11-23 05:51:21,9.4942,50.8122,301.09,55,84,6.47
399,Nemuro,JP,2021-11-23 05:51:22,43.3236,145.575,281.39,55,10,8.23
400,Taybad,IR,2021-11-23 05:51:22,34.74,60.7756,293.6,24,99,4.07
401,Marzuq,YE,2021-11-23 05:51:22,14.4,46.4667,295.46,32,71,2.4
402,Kaeo,NZ,2021-11-23 05:52:23,-35.1,173.7833,294.44,80,81,2.34
403,Vila Franca Do Campo,PT,2021-11-23 05:52:24,37.7167,-25.4333,293.26,88,80,6.38
404,Axim,GH,2021-11-23 05:52:24,4.8699,-2.2405,298.51,85,22,0.76
405,Dongsheng,CN,2021-11-23 05:52:24,39.8161,109.9776,274.2,23,0,8.62
406,Djambala,CG,2021-11-23 05:52:25,-2.5447,14.7533,293.15,93,100,1.7
407,North Bend,US,2021-11-23 05:52:25,43.4065,-124.2243,284.1,90,90,2.57
408,Galveston,US,2021-11-23 05:52:26,29.3669,-94.9669,289.79,70,26,4.06
409,Atar,MR,2021-11-23 05:52:26,20.5169,-13.0499,297.17,45,100,3.58
410,Sembakung,ID,2021-11-23 05:52:26,3.8167,117.25,302.11,64,86,1.49
411,Ashqelon,IL,2021-11-23 05:52:27,31.6693,34.5715,291.15,56,0,2.55
412,Naze,JP,2021-11-23 05:52:27,28.3667,129.4833,289.66,63,91,6.7
413,Lukulu,ZM,2021-11-23 05:52:28,-14.3707,23.242,295.04,69,100,2.34
414,Kudahuvadhoo,MV,2021-11-23 05:52:28,2.6708,72.8944,300.89,74,100,8.49
415,Balancan,MX,2021-11-23 05:52:29,17.8,-91.5333,293.99,95,88,2.46
416,Katangli,RU,2021-11-23 05:52:29,51.7102,143.2326,273.53,98,100,16.71
417,Sokoni,TZ,2021-11-23 05:52:29,-6.4333,39.55,300.82,64,61,1.1
418,Mwinilunga,ZM,2021-11-23 05:52:30,-11.7358,24.4293,292.58,88,96,0.79
419,Mala,PE,2021-11-23 05:52:30,-12.6581,-76.6308,291.4,88,100,1.75
420,Northam,GB,2021-11-23 05:52:31,51.0333,-4.2167,277.76,77,17,2.1
421,Koslan,RU,2021-11-23 05:52:31,63.4564,48.8989,266.32,96,100,2.07
422,Kijang,KR,2021-11-23 05:52:32,35.2442,129.2139,283.0,43,34,6.92
423,Broome,US,2021-11-23 05:52:32,42.2506,-75.833,271.76,70,1,0.45
424,Ostersund,SE,2021-11-23 05:52:33,63.1792,14.6357,274.4,93,75,3.09
425,Piranshahr,IR,2021-11-23 05:52:33,36.701,45.1413,281.24,63,5,1.28
426,Lompoc,US,2021-11-23 05:52:34,34.6391,-120.4579,294.33,51,1,2.06
427,Ugoofaaru,MV,2021-11-23 05:52:35,5.6667,73.0,300.67,76,93,6.06
428,Ahuimanu,US,2021-11-23 05:52:35,21.4447,-157.8378,298.99,75,90,5.66
429,Igarka,RU,2021-11-23 05:52:35,67.4667,86.5833,261.8,93,100,9.65
430,Sivaki,RU,2021-11-23 05:52:36,52.6333,126.75,265.48,82,100,7.93
431,Kavieng,PG,2021-11-23 05:52:36,-2.5744,150.7967,301.8,77,32,6.56
432,Hervey Bay,AU,2021-11-23 05:52:37,-25.2986,152.8535,300.39,70,55,5.15
433,Howard Springs,AU,2021-11-23 05:52:37,-12.497,131.047,308.7,64,99,4.56
434,Isangel,VU,2021-11-23 05:52:38,-19.55,169.2667,302.21,84,75,3.09
435,Ashcroft,CA,2021-11-23 05:52:38,50.7165,-121.2859,280.34,97,100,1.21
436,Katsuura,JP,2021-11-23 05:52:39,35.1333,140.3,289.17,70,85,4.18
437,Kharp,RU,2021-11-23 05:52:39,66.8014,65.8081,259.24,90,100,4.67
438,Alta Floresta,BR,2021-11-23 05:50:09,-9.8756,-56.0861,294.38,98,99,1.26
439,Ormara,PK,2021-11-23 05:52:40,25.2088,64.6357,298.99,20,20,0.55
440,Bang Saphan,TH,2021-11-23 05:52:40,11.2126,99.5117,298.12,95,100,1.28
441,Christchurch,NZ,2021-11-23 05:49:46,-43.5333,172.6333,288.66,71,90,1.79
442,Nan,TH,2021-11-23 05:52:41,18.8333,100.6667,303.16,55,20,2.06
443,Riyadh,SA,2021-11-23 05:49:42,24.6877,46.7219,291.23,53,3,5.42
444,Langxiang,CN,2021-11-23 05:52:42,46.95,128.8833,262.12,85,100,6.6
445,Trapani,IT,2021-11-23 05:52:42,37.8333,12.6667,289.0,88,20,4.12
446,Hit,IQ,2021-11-23 05:52:42,33.6416,42.8251,291.1,50,3,3.29
447,Pokhara,NP,2021-11-23 05:52:43,28.2333,83.9833,292.66,69,16,2.39
448,Kulunda,RU,2021-11-23 05:52:43,52.566,78.9385,275.38,87,100,11.65
449,Evensk,RU,2021-11-23 05:53:44,61.95,159.2333,262.14,79,97,4.92
450,Leshukonskoye,RU,2021-11-23 05:53:45,64.8989,45.7622,266.5,90,100,3.75
451,Ixtapa,MX,2021-11-23 05:53:46,20.7,-105.2,296.61,88,1,6.17
452,Mercedes,AR,2021-11-23 05:53:46,-34.6515,-59.4307,289.73,52,72,3.86
453,Stepnyak,KZ,2021-11-23 05:53:47,52.8339,70.7803,270.62,82,80,9.39
454,Adrar,MR,2021-11-23 05:53:47,20.5022,-10.0711,295.33,45,100,4.23
455,Sao Jose Da Coroa Grande,BR,2021-11-23 05:53:48,-8.8978,-35.1478,298.01,81,73,1.91
456,Iquitos,PE,2021-11-23 05:53:48,-3.7481,-73.2472,298.17,94,75,0.0
457,Darovskoy,RU,2021-11-23 05:53:49,58.77,47.9564,265.72,89,100,5.02
458,Luganville,VU,2021-11-23 05:53:49,-15.5333,167.1667,301.51,78,97,3.81
459,Husavik,IS,2021-11-23 05:53:50,66.0449,-17.3389,277.1,93,41,5.83
460,Eldoret,KE,2021-11-23 05:53:50,0.5204,35.2699,292.94,43,82,5.86
461,Abilene,US,2021-11-23 05:50:34,32.4487,-99.7331,283.91,48,1,3.6
462,Denpasar,ID,2021-11-23 05:52:00,-8.65,115.2167,303.96,74,75,3.6
463,Mustafabad,PK,2021-11-23 05:53:51,30.8922,73.4989,299.68,10,0,1.45
464,Belmonte,BR,2021-11-23 05:53:51,-15.8631,-38.8828,294.43,93,100,4.69
465,Mogadishu,SO,2021-11-23 05:50:30,2.0371,45.3438,301.13,69,58,4.27
466,Kahului,US,2021-11-23 05:51:19,20.8947,-156.47,298.62,79,75,5.14
467,Loding,NO,2021-11-23 05:53:52,67.3,14.75,275.73,93,75,3.58
468,Antofagasta,CL,2021-11-23 05:53:53,-23.65,-70.4,289.75,80,62,0.81
469,Constanza,DE,2021-11-23 05:53:53,47.6603,9.1758,278.44,85,99,1.34
470,Karratha,AU,2021-11-23 05:53:54,-20.7377,116.8463,304.8,47,73,7.31
471,Hailey,US,2021-11-23 05:53:54,43.5196,-114.3153,271.07,69,1,4.12
472,Yuncheng,CN,2021-11-23 05:53:55,35.0231,110.9928,282.67,27,0,3.05
473,Paysandu,UY,2021-11-23 05:52:26,-32.3214,-58.0756,291.82,59,0,7.27
474,Hambantota,LK,2021-11-23 05:53:55,6.1241,81.1185,304.34,70,20,3.6
475,West Wendover,US,2021-11-23 05:50:38,40.7391,-114.0733,268.71,80,1,0.0
476,Montepuez,MZ,2021-11-23 05:53:56,-13.1256,38.9997,302.54,42,80,2.29
477,Novikovo,RU,2021-11-23 05:53:56,51.1537,37.8879,271.66,70,100,2.25
478,Biak,ID,2021-11-23 05:53:57,-0.9131,122.8766,302.04,71,79,0.57
479,Rapid Valley,US,2021-11-23 05:53:57,44.0625,-103.1463,287.62,42,1,1.34
480,Lopez,PH,2021-11-23 05:53:58,13.8844,122.2642,302.48,74,35,4.19
481,Tiznit,MA,2021-11-23 05:53:58,29.5833,-9.5,286.46,65,37,0.64
482,Tucumcari,US,2021-11-23 05:53:59,35.1717,-103.725,279.42,44,1,3.47
483,Edd,ER,2021-11-23 05:53:59,13.9297,41.6925,300.53,67,14,0.64
484,Zalantun,CN,2021-11-23 05:54:00,48.0,122.7167,264.8,55,98,10.56
485,Canon City,US,2021-11-23 05:54:00,38.441,-105.2424,286.17,26,1,2.68
486,Santa Maria,BR,2021-11-23 05:54:01,-29.6842,-53.8069,295.42,59,1,2.54
487,Maningrida,AU,2021-11-23 05:54:01,-12.0667,134.2667,305.73,50,96,5.74
488,Biltine,TD,2021-11-23 05:54:01,14.5333,20.9167,296.23,25,89,6.97
489,Senanga,ZM,2021-11-23 05:54:02,-16.1167,23.2667,295.32,72,99,2.7
490,Kudat,MY,2021-11-23 05:54:03,6.8837,116.8477,301.11,83,20,1.54
491,Aasiaat,GL,2021-11-23 05:54:03,68.7098,-52.8699,259.34,97,74,3.49
492,Beira,MZ,2021-11-23 05:54:04,-19.8436,34.8389,299.2,83,90,2.24
493,Sao Filipe,CV,2021-11-23 05:54:04,14.8961,-24.4956,299.91,62,3,3.62
494,Malindi,KE,2021-11-23 05:55:04,-3.2175,40.1191,301.95,66,100,2.83
495,Gap,FR,2021-11-23 05:55:05,44.6667,6.0,268.74,74,58,1.79
496,Tirana,AL,2021-11-23 05:55:06,41.3275,19.8189,282.64,100,40,1.54
497,Rawlins,US,2021-11-23 05:55:07,41.7911,-107.2387,280.27,28,6,5.87
498,Perth,AU,2021-11-23 05:53:08,-31.9333,115.8333,299.34,49,0,4.63
499,Pyapon,MM,2021-11-23 05:55:07,16.2833,95.6833,304.85,55,25,1.83
500,Soto La Marina,MX,2021-11-23 05:55:08,23.7667,-98.2167,290.25,81,66,2.13
501,Staunton,US,2021-11-23 05:53:25,38.1496,-79.0717,273.48,56,1,2.06
502,Tual,ID,2021-11-23 05:55:08,-5.6667,132.75,302.06,74,64,3.11
503,Koumac,NC,2021-11-23 05:55:09,-20.5667,164.2833,299.95,73,88,3.04
504,Half Moon Bay,US,2021-11-23 05:50:59,37.4636,-122.4286,288.7,72,1,0.0
505,Knysna,ZA,2021-11-23 05:55:09,-34.0363,23.0471,290.36,77,95,2.36
506,Camocim,BR,2021-11-23 05:55:10,-2.9022,-40.8411,299.21,83,97,4.24
507,Xichang,CN,2021-11-23 05:55:10,27.8964,102.2634,282.02,81,98,0.69
508,Seymchan,RU,2021-11-23 05:55:11,62.8833,152.4333,239.99,100,82,0.45
509,Mahad,IN,2021-11-23 05:55:11,18.0833,73.4167,305.45,60,38,1.02
510,Massakory,TD,2021-11-23 05:55:12,12.996,15.7293,298.14,20,26,3.99
511,Te Anau,NZ,2021-11-23 05:55:12,-45.4167,167.7167,288.92,63,15,1.66
512,Guayaramerin,BO,2021-11-23 05:55:12,-10.8368,-65.3614,296.05,98,100,1.19
513,Muros,ES,2021-11-23 05:55:13,42.7762,-9.0603,284.87,77,58,8.5
514,Ossora,RU,2021-11-23 05:55:13,59.2353,163.0719,270.61,96,100,5.14
515,Thinadhoo,MV,2021-11-23 05:55:14,0.5333,72.9333,301.13,77,100,8.67
516,Atakpame,TG,2021-11-23 05:55:14,7.5333,1.1333,296.13,84,21,0.11
517,Ust-Uda,RU,2021-11-23 05:55:15,54.1742,103.0304,267.89,81,100,1.56
518,Cassilandia,BR,2021-11-23 05:55:15,-19.1133,-51.7342,296.27,82,66,1.23
519,Marawi,PH,2021-11-23 05:55:16,7.9986,124.2928,297.95,74,100,2.83
520,Genhe,CN,2021-11-23 05:55:16,50.7833,121.5167,260.76,48,97,4.47
521,Pesochnoye,RU,2021-11-23 05:55:17,58.006,39.1772,264.48,92,59,2.67
522,Saint-Louis,SN,2021-11-23 05:55:18,16.3333,-15.0,299.43,23,84,4.07
523,Ibajay,PH,2021-11-23 05:55:18,11.8199,122.162,301.53,80,14,4.61
524,Vazante,BR,2021-11-23 05:55:19,-17.9869,-46.9078,293.67,93,100,0.38
525,Zhezkazgan,KZ,2021-11-23 05:55:19,47.8043,67.7144,275.16,95,100,8.29
526,Maumere,ID,2021-11-23 05:55:20,-8.6199,122.2111,303.07,69,49,1.06
527,Masvingo,ZW,2021-11-23 05:55:20,-20.0637,30.8277,293.54,85,100,2.15
528,Road Town,VG,2021-11-23 05:55:21,18.4167,-64.6167,298.71,71,23,4.64
529,Lakes Entrance,AU,2021-11-23 05:55:22,-37.8811,147.981,297.91,62,100,2.96
530,Belaya Gora,RU,2021-11-23 05:55:22,68.5333,146.4167,242.95,100,98,2.02
531,Bumba,CD,2021-11-23 05:55:22,2.1833,22.4667,297.59,77,60,0.26
532,Poitiers,FR,2021-11-23 05:55:23,46.5833,0.3333,275.36,65,40,5.14
533,Kloulklubed,PW,2021-11-23 05:55:23,7.0419,134.2556,301.75,76,77,7.16
534,Lashio,MM,2021-11-23 05:55:24,22.9333,97.75,294.99,85,79,0.99
535,Emba,KZ,2021-11-23 05:55:24,48.8264,58.1442,273.79,96,100,3.47
536,Kabale,UG,2021-11-23 05:51:29,-1.2486,29.9899,293.02,63,100,1.38
537,Pauini,BR,2021-11-23 05:55:25,-7.7136,-66.9764,295.38,99,100,0.72
538,Uglekamensk,RU,2021-11-23 05:55:26,43.2172,133.2303,267.21,54,97,6.05
539,Sambava,MG,2021-11-23 05:55:26,-14.2667,50.1667,300.51,63,87,2.99
540,Zemio,CF,2021-11-23 05:55:26,5.0314,25.1361,297.29,43,44,1.67
541,Vanavara,RU,2021-11-23 05:56:27,60.34,102.2797,265.06,93,100,2.84
542,Plettenberg Bay,ZA,2021-11-23 05:56:27,-34.0527,23.3716,289.23,76,96,2.91
543,Jumla,NP,2021-11-23 05:56:28,29.2747,82.1838,289.78,16,0,3.02
544,Scarborough,GB,2021-11-23 05:52:02,54.2797,-0.4044,278.65,88,51,2.33
545,Yeppoon,AU,2021-11-23 05:56:29,-23.1333,150.7333,300.03,71,41,5.13
546,Laguna,US,2021-11-23 05:56:30,38.421,-121.4238,287.05,92,1,0.0
547,Bhawanipatna,IN,2021-11-23 05:56:30,19.9,83.1667,302.71,60,8,1.86
548,Ilebo,CD,2021-11-23 05:56:30,-4.3167,20.5833,295.41,97,100,0.8
549,Sibenik,HR,2021-11-23 05:56:31,43.7272,15.9058,285.96,56,100,3.13
550,Sioux Lookout,CA,2021-11-23 05:53:27,50.1001,-91.917,261.19,92,20,1.03
551,Muromtsevo,RU,2021-11-23 05:56:32,56.3724,75.2418,271.17,94,100,5.4
552,Erzin,TR,2021-11-23 05:56:32,36.9559,36.2,284.44,64,5,0.36
553,Dalby,AU,2021-11-23 05:56:33,-27.1833,151.2667,298.14,66,80,0.89
554,Bayonne,FR,2021-11-23 05:56:33,43.3333,-1.4167,282.12,93,0,1.54
555,Miandoab,IR,2021-11-23 05:56:34,36.9694,46.1027,280.36,70,0,1.9
556,Arman,RU,2021-11-23 05:56:34,59.7,150.1667,258.16,80,7,6.11
557,Bay Roberts,CA,2021-11-23 05:56:35,47.5999,-53.2648,276.67,85,97,1.79
558,Zaraza,VE,2021-11-23 05:56:35,9.3503,-65.3245,295.62,93,45,1.61
559,Canchungo,GW,2021-11-23 05:56:36,12.0672,-16.0333,297.16,91,41,0.14
560,Zaigrayevo,RU,2021-11-23 05:56:37,51.8336,108.2703,257.74,60,39,1.29
561,Xalpatlahuac,MX,2021-11-23 05:56:37,17.4667,-98.6167,287.83,78,31,0.18
562,Bentong,MY,2021-11-23 05:56:38,3.5181,101.9079,302.62,82,100,0.59
563,Nishihara,JP,2021-11-23 05:56:38,26.1842,127.7558,293.75,52,40,9.26
564,Key West,US,2021-11-23 05:56:39,24.5557,-81.7826,296.48,66,0,9.61
565,Morgan City,US,2021-11-23 05:56:39,29.6994,-91.2068,284.82,73,0,3.0
566,Dhidhdhoo,MV,2021-11-23 05:56:39,6.8833,73.1,300.57,74,82,5.44
567,Camopi,GF,2021-11-23 05:56:40,3.1655,-52.3158,294.8,99,43,0.6
568,Brae,GB,2021-11-23 05:56:40,60.3964,-1.353,282.1,78,99,10.14
569,Fayaoue,NC,2021-11-23 05:56:41,-20.65,166.5333,300.04,70,100,2.81
570,Verkhnevilyuysk,RU,2021-11-23 05:56:41,63.4453,120.3167,243.1,99,44,1.15
571,Mineros,BO,2021-11-23 05:56:42,-17.1167,-63.2333,298.92,79,100,1.47
572,Jalu,LY,2021-11-23 05:56:42,29.0331,21.5482,289.32,48,91,4.36
573,Vestmanna,FO,2021-11-23 05:56:43,62.1564,-7.1664,280.66,87,90,11.32
574,Poso,ID,2021-11-23 05:56:43,-1.3959,120.7524,303.77,64,35,2.09
575,Makat,KZ,2021-11-23 05:56:43,47.6469,53.3463,279.75,93,100,1.72
576,Aksakovo,BG,2021-11-23 05:56:44,43.25,27.8167,281.97,100,100,1.03
577,El Vigia,VE,2021-11-23 05:56:44,8.6219,-71.6506,296.7,93,100,0.95
578,Libreville,GA,2021-11-23 05:56:45,0.3925,9.4537,296.16,94,20,1.03
579,Phangnga,TH,2021-11-23 05:56:45,8.4509,98.5298,302.54,77,69,1.36
580,Itarema,BR,2021-11-23 05:56:46,-2.9248,-39.9167,300.29,73,96,6.9
581,Nangomba,TZ,2021-11-23 05:56:46,-10.9,38.5,302.64,41,47,2.97
582,Lira,UG,2021-11-23 05:56:46,2.235,32.9097,297.52,48,98,1.58
583,Aksarka,RU,2021-11-23 05:56:47,66.5606,67.7975,263.34,95,100,4.99
584,Kalat,PK,2021-11-23 05:56:47,29.0225,66.5916,288.04,23,0,2.94
585,Gebze,TR,2021-11-23 05:56:48,40.8028,29.4307,288.26,71,0,1.54
586,Kenai,US,2021-11-23 05:57:48,60.5544,-151.2583,260.45,86,90,0.0
587,Parabel,RU,2021-11-23 05:57:49,58.6978,81.4825,270.52,92,98,4.27
588,Samana,DO,2021-11-23 05:57:49,19.2056,-69.3369,296.65,90,17,1.81
589,Astana,KZ,2021-11-23 05:57:50,51.1801,71.446,273.12,80,40,9.0
590,Pisco,PE,2021-11-23 05:57:50,-13.7,-76.2167,292.6,82,90,3.6
591,Lasa,IT,2021-11-23 05:57:51,46.6166,10.7002,276.68,87,64,1.08
592,Mahibadhoo,MV,2021-11-23 05:57:51,3.7833,72.9667,300.72,75,93,7.62
593,Monteagudo,BO,2021-11-23 05:57:51,-19.8167,-63.9833,292.53,88,100,0.62
594,Kualakapuas,ID,2021-11-23 05:57:52,-3.0091,114.3876,306.24,49,85,0.61
595,Naryan-Mar,RU,2021-11-23 05:57:52,67.6713,53.087,262.53,97,85,3.87
596,Pachino,IT,2021-11-23 05:57:53,36.7186,15.0907,285.17,73,90,2.86
597,Bilecik,TR,2021-11-23 05:57:53,40.0,30.1667,270.94,74,70,3.52
598,Pano Aqil,PK,2021-11-23 05:57:54,27.8569,69.1116,294.09,10,0,3.26
599,Krasnaya Gora,RU,2021-11-23 05:57:54,52.9995,31.6023,265.1,74,60,1.99
600,Grand Gaube,MU,2021-11-23 05:58:14,-20.0064,57.6608,300.58,62,6,3.13
601,Qaqortoq,GL,2021-11-23 05:58:14,60.7167,-46.0333,260.44,84,4,2.34
602,Badiraguato,MX,2021-11-23 05:58:15,25.3667,-107.5167,291.03,58,96,1.48
603,Longyearbyen,SJ,2021-11-23 05:58:15,78.2186,15.6401,258.06,66,20,1.03
604,Dingle,PH,2021-11-23 05:58:16,10.9995,122.6711,302.8,74,76,5.17
605,Codrington,AU,2021-11-23 05:58:16,-38.2667,141.9667,289.81,96,100,6.88
606,Avera,US,2021-11-23 05:58:17,33.194,-82.5271,281.88,47,16,4.68
607,Mendi,PG,2021-11-23 05:58:17,-6.1761,143.6513,290.12,95,84,1.25
608,Georgetown,MY,2021-11-23 05:56:31,5.4112,100.3354,305.12,66,40,3.09
609,Port Hardy,CA,2021-11-23 05:58:18,50.6996,-127.4199,280.15,100,90,1.54
610,Fairbanks,US,2021-11-23 05:55:31,64.8378,-147.7164,256.26,72,90,0.45
611,Sinnamary,GF,2021-11-23 05:58:19,5.3833,-52.95,298.23,88,65,2.7
612,Cayenne,GF,2021-11-23 05:58:19,4.9333,-52.3333,299.87,81,75,0.45
613,Bluff,NZ,2021-11-23 05:58:19,-46.6,168.3333,286.6,72,24,5.4
614,Clyde River,CA,2021-11-23 05:58:20,70.4692,-68.5914,264.28,86,100,8.23
615,Yanam,IN,2021-11-23 05:58:20,16.7333,82.2167,305.37,65,21,1.59
616,Duluth,US,2021-11-23 05:53:39,46.7833,-92.1066,268.75,69,90,0.89
617,Mianyang,CN,2021-11-23 05:58:21,31.4593,104.7542,287.56,44,95,2.86
618,Bredasdorp,ZA,2021-11-23 05:58:22,-34.5322,20.0403,291.08,56,45,3.87
619,Bonthe,SL,2021-11-23 05:58:22,7.5264,-12.505,298.65,85,28,1.51
620,Abbeville,FR,2021-11-23 05:58:22,50.1,1.8333,276.31,91,3,2.6
621,Hamilton,US,2021-11-23 05:58:23,39.1834,-84.5333,270.74,80,0,0.89
622,Port-Cartier,CA,2021-11-23 05:55:45,50.0334,-66.8654,273.57,60,100,3.95
623,Puerto Ayora,EC,2021-11-23 05:58:23,-0.7393,-90.3518,293.01,74,21,2.48
624,Tuscaloosa,US,2021-11-23 05:57:50,33.2098,-87.5692,278.69,77,36,2.89
625,New Norfolk,AU,2021-11-23 05:58:24,-42.7826,147.0587,297.53,39,99,1.34
626,Hasaki,JP,2021-11-23 05:58:24,35.7333,140.8333,288.37,72,99,6.34
627,Hilo,US,2021-11-23 05:58:25,19.7297,-155.09,297.75,81,88,3.22
628,Mocuba,MZ,2021-11-23 05:58:26,-16.8392,36.9856,305.06,48,96,1.68
629,Avarua,CK,2021-11-23 05:57:16,-21.2078,-159.775,297.18,78,90,2.06
630,Mar Del Plata,AR,2021-11-23 05:58:26,-38.0023,-57.5575,286.41,66,2,0.89
631,Namatanai,PG,2021-11-23 05:58:27,-3.6667,152.4333,302.26,73,49,5.26
632,Iralaya,HN,2021-11-23 05:58:27,15.0,-83.2333,297.85,83,81,4.09
633,Vaini,TO,2021-11-23 05:58:28,-21.2,-175.2,300.24,83,75,3.6
634,Meulaboh,ID,2021-11-23 05:58:28,4.1363,96.1285,298.75,87,100,0.84
635,Kupino,RU,2021-11-23 05:58:29,54.3663,77.2981,273.25,96,100,8.16
636,Atuona,PF,2021-11-23 05:55:58,-9.8,-139.0333,298.9,75,100,4.87
637,Lagoa,PT,2021-11-23 05:58:29,39.05,-27.9833,291.48,86,27,8.19
638,Ambon,ID,2021-11-23 05:58:29,-3.6954,128.1814,304.23,62,40,3.09
639,Aksu,CN,2021-11-23 05:58:30,41.1231,80.2644,276.45,36,0,0.26
640,Kabanjahe,ID,2021-11-23 05:58:30,3.1001,98.4908,296.57,81,100,1.4
641,Saint George,US,2021-11-23 05:57:15,37.1041,-113.5841,283.03,28,17,0.45
642,Manzhouli,CN,2021-11-23 05:58:31,49.6,117.4333,261.07,61,0,6.5
643,Yerbogachen,RU,2021-11-23 05:58:31,61.2767,108.0108,255.94,81,70,4.29
