City_ID,City,Country,Date,Lat,Lng,Max Temp,Humidity,Cloudiness,Wind Speed,Weather Description
0,Tuktoyaktuk,CA,2021-11-26 00:40:35,69.4541,-133.0374,-0.4,85,40,19.57,scattered clouds
1,Ushuaia,AR,2021-11-26 00:37:12,-54.8,-68.3,42.46,70,20,21.85,few clouds
2,Anchorage,US,2021-11-26 00:40:36,61.2181,-149.9003,15.93,87,90,0.0,light snow
3,Georgetown,MY,2021-11-26 00:40:36,5.4112,100.3354,78.89,93,20,1.01,few clouds
4,Karakol,KG,2021-11-26 00:40:37,42.4907,78.3936,29.98,61,100,5.57,overcast clouds
5,Sept-Iles,CA,2021-11-26 00:37:49,50.2001,-66.3821,37.06,90,90,1.01,mist
6,Khuzhir,RU,2021-11-26 00:40:38,53.1939,107.3397,26.92,76,100,6.55,overcast clouds
7,Hermanus,ZA,2021-11-26 00:37:53,-34.4187,19.2345,62.8,75,1,28.54,clear sky
8,Souillac,MU,2021-11-26 00:40:38,-20.5167,57.5167,73.78,88,40,3.44,scattered clouds
9,Marawi,PH,2021-11-26 00:40:39,7.9986,124.2928,69.66,80,100,1.23,overcast clouds
10,Qaanaaq,GL,2021-11-26 00:40:39,77.484,-69.3632,-0.98,79,100,6.62,overcast clouds
11,Tayu,ID,2021-11-26 00:40:40,-6.5397,111.0518,82.29,75,100,5.84,overcast clouds
12,Talnakh,RU,2021-11-26 00:40:40,69.4865,88.3972,1.09,97,100,6.08,overcast clouds
13,Auki,SB,2021-11-26 00:40:41,-8.7676,160.7034,87.26,61,50,1.16,scattered clouds
14,Houston,US,2021-11-26 00:38:31,29.7633,-95.3633,58.3,72,90,5.99,overcast clouds
15,Inhambane,MZ,2021-11-26 00:40:41,-23.865,35.3833,69.8,76,1,9.4,clear sky
16,Nikolskoye,RU,2021-11-26 00:39:09,59.7035,30.7861,40.87,94,100,12.91,overcast clouds
17,Oranjestad,AW,2021-11-26 00:40:42,12.524,-70.027,82.35,74,20,10.36,few clouds
18,Rikitea,PF,2021-11-26 00:37:52,-23.1203,-134.9692,76.98,70,7,10.18,clear sky
19,Kodiak,US,2021-11-26 00:39:10,57.79,-152.4072,20.71,42,1,27.63,volcanic ash
20,Hilo,US,2021-11-26 00:37:19,19.7297,-155.09,74.8,90,90,4.61,moderate rain
21,Bluff,NZ,2021-11-26 00:40:44,-46.6,168.3333,50.18,90,100,10.4,overcast clouds
22,Sur,OM,2021-11-26 00:40:44,22.5667,59.5289,74.44,69,4,3.27,clear sky
23,Lianran,CN,2021-11-26 00:40:44,24.9227,102.485,41.54,90,100,0.74,overcast clouds
24,Albany,US,2021-11-26 00:40:45,42.6001,-73.9662,41.67,78,100,2.01,overcast clouds
25,Artigas,UY,2021-11-26 00:40:45,-30.4,-56.4667,67.53,82,0,10.63,clear sky
26,Drumnadrochit,GB,2021-11-26 00:40:46,57.3344,-4.4799,45.79,94,100,16.82,light rain
27,Naze,JP,2021-11-26 00:40:46,28.3667,129.4833,67.12,58,48,7.47,scattered clouds
28,Katsuura,JP,2021-11-26 00:40:47,35.1333,140.3,57.31,52,0,6.26,clear sky
29,Hithadhoo,MV,2021-11-26 00:39:16,-0.6,73.0833,81.32,69,99,12.17,overcast clouds
30,Pisco,PE,2021-11-26 00:40:47,-13.7,-76.2167,64.45,88,0,14.97,light rain
31,Ordynskoye,RU,2021-11-26 00:40:47,54.3656,81.8994,-4.7,99,48,7.38,scattered clouds
32,Port Alfred,ZA,2021-11-26 00:40:48,-33.5906,26.891,63.57,78,96,22.48,overcast clouds
33,Aranos,NA,2021-11-26 00:40:48,-24.1333,19.1167,64.98,31,0,9.71,clear sky
34,Husavik,IS,2021-11-26 00:40:49,66.0449,-17.3389,28.31,77,100,23.0,light snow
35,Ponta Do Sol,PT,2021-11-26 00:40:49,32.6667,-17.1,64.71,64,100,6.15,overcast clouds
36,Quelimane,MZ,2021-11-26 00:40:50,-17.8786,36.8883,76.95,83,75,5.75,broken clouds
37,Salalah,OM,2021-11-26 00:40:50,17.0151,54.0924,75.29,50,0,4.61,clear sky
38,Mar Del Plata,AR,2021-11-26 00:35:56,-38.0023,-57.5575,64.42,89,0,5.01,clear sky
39,Saldanha,ZA,2021-11-26 00:40:29,-33.0117,17.9442,73.45,49,4,16.71,clear sky
40,Samfya,ZM,2021-11-26 00:40:51,-11.3649,29.5565,65.84,82,100,5.91,overcast clouds
41,Avarua,CK,2021-11-26 00:40:52,-21.2078,-159.775,82.45,83,20,9.22,few clouds
42,Zuenoula,CI,2021-11-26 00:40:52,7.4292,-6.0431,75.88,59,5,2.84,clear sky
43,Grindavik,IS,2021-11-26 00:39:08,63.8424,-22.4338,30.67,69,20,17.27,few clouds
44,Lagoa,PT,2021-11-26 00:41:53,39.05,-27.9833,61.65,67,30,30.76,scattered clouds
45,Ambatofinandrahana,MG,2021-11-26 00:41:53,-20.55,46.8,62.55,88,100,5.66,overcast clouds
46,Bredasdorp,ZA,2021-11-26 00:41:54,-34.5322,20.0403,62.28,78,59,26.26,broken clouds
47,Cabo San Lucas,MX,2021-11-26 00:39:50,22.8909,-109.9124,78.62,73,90,0.0,overcast clouds
48,Norden,DE,2021-11-26 00:41:54,53.6,7.2,40.95,97,100,12.86,light rain
49,Atuona,PF,2021-11-26 00:41:55,-9.8,-139.0333,78.69,78,5,17.9,clear sky
50,Arman,RU,2021-11-26 00:41:55,59.7,150.1667,-6.99,78,13,10.54,few clouds
51,Tiznit,MA,2021-11-26 00:41:56,29.5833,-9.5,53.91,68,100,4.41,overcast clouds
52,Iwanai,JP,2021-11-26 00:39:16,42.9744,140.5089,36.03,73,95,15.52,light rain
53,Nyurba,RU,2021-11-26 00:41:56,63.2842,118.3319,-11.02,100,97,2.77,overcast clouds
54,Oussouye,SN,2021-11-26 00:41:57,12.485,-16.5469,78.89,80,99,6.17,overcast clouds
55,Kralendijk,BQ,2021-11-26 00:41:57,12.15,-68.2667,80.58,83,20,8.05,few clouds
56,Orlik,RU,2021-11-26 00:41:58,52.5178,99.825,5.88,90,45,4.23,scattered clouds
57,Butaritari,KI,2021-11-26 00:38:00,3.0707,172.7902,82.65,72,100,16.73,overcast clouds
58,Cherskiy,RU,2021-11-26 00:41:59,68.75,161.3,-29.25,100,100,4.5,overcast clouds
59,Kudahuvadhoo,MV,2021-11-26 00:41:59,2.6708,72.8944,81.21,71,62,13.8,broken clouds
60,Luz,BR,2021-11-26 00:42:00,-19.8014,-45.6856,72.64,70,72,4.92,broken clouds
61,Nieuw Amsterdam,SR,2021-11-26 00:42:00,5.8833,-55.0833,80.62,89,20,2.3,few clouds
62,Thompson,CA,2021-11-26 00:39:18,55.7435,-97.8558,-3.84,77,75,3.44,broken clouds
63,Gueret,FR,2021-11-26 00:42:01,46.1667,1.8667,34.43,98,95,2.01,overcast clouds
64,Guerrero Negro,MX,2021-11-26 00:42:01,27.9769,-114.0611,69.15,52,0,5.44,clear sky
65,Hobyo,SO,2021-11-26 00:42:02,5.3505,48.5268,80.2,81,100,15.1,moderate rain
66,Fallon,US,2021-11-26 00:42:02,39.4735,-118.7774,45.28,36,1,6.91,clear sky
67,Shelburne,CA,2021-11-26 00:42:03,44.0787,-80.2041,39.65,98,100,13.24,overcast clouds
68,Muisne,EC,2021-11-26 00:42:03,0.6,-80.0333,74.08,79,100,7.49,overcast clouds
69,Mataura,NZ,2021-11-26 00:37:56,-46.1927,168.8643,59.49,70,99,5.82,overcast clouds
70,Jamestown,US,2021-11-26 00:35:29,42.097,-79.2353,44.19,95,90,8.01,mist
71,Larap,PH,2021-11-26 00:42:04,14.299,122.6504,80.91,86,100,11.23,overcast clouds
72,Constitucion,CL,2021-11-26 00:42:05,-35.3333,-72.4167,57.11,77,0,13.82,clear sky
73,Alugan,PH,2021-11-26 00:42:05,12.2188,125.4808,83.14,82,100,8.23,overcast clouds
74,Port Shepstone,ZA,2021-11-26 00:42:06,-30.7414,30.455,64.2,76,100,6.91,overcast clouds
75,Isangel,VU,2021-11-26 00:37:47,-19.55,169.2667,89.71,58,75,11.5,broken clouds
76,Loding,NO,2021-11-26 00:42:06,67.3,14.75,19.31,79,75,4.0,broken clouds
77,East London,ZA,2021-11-26 00:37:48,-33.0153,27.9116,62.31,83,100,14.29,light rain
78,Nusaybin,TR,2021-11-26 00:42:07,37.0778,41.2178,54.99,62,75,9.22,light rain
79,Santiago De Cao,PE,2021-11-26 00:42:08,-7.9589,-79.2392,64.53,94,20,5.75,few clouds
80,Cape Town,ZA,2021-11-26 00:37:49,-33.9258,18.4232,66.09,59,0,5.75,clear sky
81,Rundu,NA,2021-11-26 00:42:08,-17.9333,19.7667,72.34,48,96,7.47,light rain
82,Puerto Ayora,EC,2021-11-26 00:39:05,-0.7393,-90.3518,70.56,88,45,7.0,scattered clouds
83,Chuy,UY,2021-11-26 00:42:09,-33.6971,-53.4616,63.18,98,100,5.68,light rain
84,Sao Filipe,CV,2021-11-26 00:42:09,14.8961,-24.4956,78.13,74,98,9.82,overcast clouds
85,Ostersund,SE,2021-11-26 00:37:40,63.1792,14.6357,23.61,93,40,3.44,scattered clouds
86,Inongo,CD,2021-11-26 00:42:10,-1.95,18.2667,70.0,96,100,3.33,overcast clouds
87,Castro,BR,2021-11-26 00:42:10,-24.7911,-50.0119,69.64,61,100,3.67,overcast clouds
88,Barahan,PH,2021-11-26 00:42:11,13.0121,120.762,84.63,69,100,2.3,overcast clouds
89,Abu Dhabi,AE,2021-11-26 00:40:40,24.4667,54.3667,76.96,99,0,2.3,clear sky
90,New Norfolk,AU,2021-11-26 00:43:11,-42.7826,147.0587,60.91,41,62,3.0,broken clouds
91,Yendi,GH,2021-11-26 00:43:12,9.4427,-0.0099,79.12,26,5,1.95,clear sky
92,Konevo,RU,2021-11-26 00:43:12,62.1215,39.3192,33.85,99,100,8.3,light rain
93,Labuan,MY,2021-11-26 00:43:13,5.2767,115.2417,84.56,79,20,1.99,few clouds
94,Victoria,HK,2021-11-26 00:34:58,22.2855,114.1577,70.95,63,0,1.01,clear sky
95,Chapada Dos Guimaraes,BR,2021-11-26 00:43:13,-15.4606,-55.7497,74.86,93,100,5.57,overcast clouds
96,Qasigiannguit,GL,2021-11-26 00:43:14,68.8193,-51.1922,23.25,80,100,4.65,overcast clouds
97,Lorengau,PG,2021-11-26 00:43:14,-2.0226,147.2712,85.3,65,94,6.26,overcast clouds
98,Bloemhof,ZA,2021-11-26 00:43:15,-27.6469,25.607,58.57,78,100,22.12,light rain
99,Altamira,BR,2021-11-26 00:43:15,-3.2033,-52.2064,74.25,94,91,1.39,overcast clouds
100,Lavrentiya,RU,2021-11-26 00:43:16,65.5833,-171.0,-6.21,88,10,9.22,clear sky
101,Kapaa,US,2021-11-26 00:37:55,22.0752,-159.319,82.72,73,40,1.99,light rain
102,Lerwick,GB,2021-11-26 00:43:16,60.1545,-1.1494,42.8,82,100,13.85,overcast clouds
103,Ambilobe,MG,2021-11-26 00:43:17,-13.2,49.05,75.76,78,84,2.06,broken clouds
104,Bambous Virieux,MU,2021-11-26 00:43:17,-20.3428,57.7575,73.65,88,40,3.44,scattered clouds
105,Naushki,RU,2021-11-26 00:43:18,50.3828,106.1056,8.22,95,26,3.65,scattered clouds
106,Tukrah,LY,2021-11-26 00:43:18,32.5341,20.5791,70.68,41,10,30.8,clear sky
107,Cowra,AU,2021-11-26 00:43:19,-33.8333,148.6833,61.09,87,100,19.84,overcast clouds
108,Luanda,AO,2021-11-26 00:39:24,-8.8368,13.2343,77.38,81,100,7.45,overcast clouds
109,Berlevag,NO,2021-11-26 00:43:19,70.8578,29.0864,21.29,77,99,10.56,overcast clouds
110,Bandarbeyla,SO,2021-11-26 00:43:20,9.4942,50.8122,78.67,78,98,15.28,overcast clouds
111,Rafaela,AR,2021-11-26 00:43:20,-31.2503,-61.4867,73.06,63,0,7.0,clear sky
112,Port Lincoln,AU,2021-11-26 00:43:20,-34.7333,135.8667,61.02,51,84,19.42,broken clouds
113,Binzhou,CN,2021-11-26 00:43:21,37.3667,118.0167,44.22,55,0,5.12,clear sky
114,San Patricio,US,2021-11-26 00:43:21,28.017,-97.5169,57.18,68,100,14.94,overcast clouds
115,Iqaluit,CA,2021-11-26 00:39:06,63.7506,-68.5145,22.73,74,75,6.91,broken clouds
116,Omboue,GA,2021-11-26 00:43:22,-1.5746,9.2618,77.63,87,100,4.79,light rain
117,Sivaki,RU,2021-11-26 00:43:22,52.6333,126.75,11.57,77,80,6.87,broken clouds
118,Saint-Philippe,RE,2021-11-26 00:39:18,-21.3585,55.7679,78.39,83,42,1.7,light rain
119,Namtsy,RU,2021-11-26 00:43:23,62.7161,129.6658,-14.69,99,95,1.54,overcast clouds
120,Komsomolskiy,UZ,2021-11-26 00:43:24,40.4272,71.7189,48.92,57,100,4.61,haze
121,Mangan,IN,2021-11-26 00:43:24,27.5167,88.5333,56.77,88,98,2.33,overcast clouds
122,Rhyl,GB,2021-11-26 00:43:25,53.3196,-3.4886,46.0,86,100,21.61,light rain
123,Bubaque,GW,2021-11-26 00:43:25,11.2833,-15.8333,83.5,70,100,10.45,overcast clouds
124,Bontang,ID,2021-11-26 00:38:54,0.1333,117.5,81.82,77,100,4.47,overcast clouds
125,Aswan,EG,2021-11-26 00:38:45,24.0934,32.907,69.39,31,6,8.81,clear sky
126,Arraial Do Cabo,BR,2021-11-26 00:43:26,-22.9661,-42.0278,73.36,83,20,13.8,few clouds
127,Kavaratti,IN,2021-11-26 00:37:54,10.5669,72.642,81.9,73,100,3.22,overcast clouds
128,Saskylakh,RU,2021-11-26 00:43:27,71.9167,114.0833,-14.91,98,28,8.05,scattered clouds
129,Saint-Augustin,CA,2021-11-26 00:43:27,51.226,-58.6502,44.47,98,100,16.51,overcast clouds
130,Kruisfontein,ZA,2021-11-26 00:43:28,-34.0033,24.7314,61.88,79,91,18.68,overcast clouds
131,Faanui,PF,2021-11-26 00:43:28,-16.4833,-151.75,82.36,67,8,17.18,clear sky
132,Punta Arenas,CL,2021-11-26 00:37:46,-53.15,-70.9167,46.51,61,20,16.11,few clouds
133,Khatanga,RU,2021-11-26 00:43:29,71.9667,102.5,-11.24,99,100,3.74,overcast clouds
134,Altay,CN,2021-11-26 00:44:30,47.8667,88.1167,33.01,79,100,3.18,light snow
135,Teguldet,RU,2021-11-26 00:44:30,57.3064,88.1667,4.71,94,51,6.98,broken clouds
136,Alice Springs,AU,2021-11-26 00:44:30,-23.7,133.8833,69.35,60,90,13.8,overcast clouds
137,Los Llanos De Aridane,ES,2021-11-26 00:44:31,28.6585,-17.9182,60.55,92,75,4.0,heavy intensity shower rain
138,Leningradskiy,RU,2021-11-26 00:44:31,69.3833,178.4167,-23.15,97,99,5.06,overcast clouds
139,Rock Springs,US,2021-11-26 00:44:32,41.5875,-109.2029,38.64,22,1,19.57,clear sky
140,Garland,US,2021-11-26 00:44:32,32.9126,-96.6389,53.98,43,1,1.99,clear sky
141,Mangit,UZ,2021-11-26 00:44:32,40.5971,70.9607,43.88,63,100,14.52,light rain
142,Waddan,LY,2021-11-26 00:44:33,29.1614,16.139,68.59,37,5,8.28,clear sky
143,Miklavz Na Dravskem Polju,SI,2021-11-26 00:44:33,46.5058,15.6972,41.16,93,90,2.3,moderate rain
144,Borger,NL,2021-11-26 00:44:34,52.9233,6.7931,40.78,93,100,6.71,overcast clouds
145,Aklavik,CA,2021-11-26 00:44:34,68.2191,-135.0107,-2.2,78,90,9.22,overcast clouds
146,Rorvik,NO,2021-11-26 00:44:34,64.8621,11.2373,34.68,64,100,7.65,light snow
147,Turukhansk,RU,2021-11-26 00:44:35,65.8167,87.9833,1.06,96,100,7.83,overcast clouds
148,Saint George,US,2021-11-26 00:41:39,37.1041,-113.5841,57.67,23,1,0.0,clear sky
149,Vaini,TO,2021-11-26 00:37:58,-21.2,-175.2,87.96,79,75,8.05,broken clouds
150,Superior,US,2021-11-26 00:44:36,46.7208,-92.1041,16.7,59,1,3.44,clear sky
151,Manoel Urbano,BR,2021-11-26 00:44:36,-8.8389,-69.2597,77.29,71,100,3.22,overcast clouds
152,Dunajska Streda,SK,2021-11-26 00:44:37,47.9927,17.6121,43.02,93,100,6.69,overcast clouds
153,Gigmoto,PH,2021-11-26 00:44:37,13.7796,124.39,82.56,82,100,5.03,overcast clouds
154,Upernavik,GL,2021-11-26 00:44:38,72.7868,-56.1549,22.15,75,100,9.64,overcast clouds
155,Hobart,AU,2021-11-26 00:44:38,-42.8794,147.3294,61.27,61,75,1.99,broken clouds
156,Fortuna,US,2021-11-26 00:44:39,40.5982,-124.1573,57.36,73,1,3.0,clear sky
157,Hofn,IS,2021-11-26 00:44:39,64.2539,-15.2082,31.96,52,0,17.83,clear sky
158,Busselton,AU,2021-11-26 00:37:49,-33.65,115.3333,74.08,47,83,8.03,broken clouds
159,Hailar,CN,2021-11-26 00:44:40,49.2,119.7,4.78,93,28,6.31,scattered clouds
160,Krasnyy Chikoy,RU,2021-11-26 00:44:40,50.3643,108.7512,10.72,91,26,3.44,scattered clouds
161,Severo-Kurilsk,RU,2021-11-26 00:44:41,50.6789,156.125,36.01,83,77,6.96,broken clouds
162,Carnarvon,AU,2021-11-26 00:44:41,-24.8667,113.6333,91.47,16,0,16.11,clear sky
163,Pokotylivka,UA,2021-11-26 00:44:41,49.9153,36.1772,26.74,86,75,7.0,broken clouds
164,Barrow,US,2021-11-26 00:40:31,71.2906,-156.7887,-9.38,77,20,16.11,few clouds
165,Gobabis,NA,2021-11-26 00:44:42,-22.45,18.9667,68.18,10,0,7.45,clear sky
166,Champerico,GT,2021-11-26 00:44:43,14.3,-91.9167,84.74,75,90,4.05,overcast clouds
167,Mahajanga,MG,2021-11-26 00:44:43,-15.7167,46.3167,77.02,83,20,3.44,few clouds
168,Cockburn Town,TC,2021-11-26 00:41:12,21.4612,-71.1419,78.53,67,63,17.65,broken clouds
169,Torbay,CA,2021-11-26 00:40:31,47.6666,-52.7314,52.29,99,90,14.97,light intensity drizzle
170,Dikson,RU,2021-11-26 00:44:44,73.5069,80.5464,-1.84,97,100,3.56,overcast clouds
171,Sola,VU,2021-11-26 00:44:44,-13.8833,167.55,84.87,79,75,0.0,broken clouds
172,Vardo,NO,2021-11-26 00:39:06,70.3705,31.1107,25.52,68,97,11.97,overcast clouds
173,Esperance,AU,2021-11-26 00:40:27,-33.8667,121.9,62.44,59,1,8.16,clear sky
174,Muroto,JP,2021-11-26 00:44:46,33.2833,134.15,55.44,56,2,7.29,clear sky
175,Morgan City,US,2021-11-26 00:44:46,29.6994,-91.2068,68.04,100,20,0.0,few clouds
176,Ust-Omchug,RU,2021-11-26 00:44:46,61.15,149.6333,-25.91,98,60,3.06,broken clouds
177,Bethel,US,2021-11-26 00:37:47,41.3712,-73.414,52.57,58,90,0.0,overcast clouds
178,Port Elizabeth,ZA,2021-11-26 00:44:47,-33.918,25.5701,64.69,72,20,20.71,few clouds
179,Kaitangata,NZ,2021-11-26 00:37:47,-46.2817,169.8464,58.08,72,100,7.96,overcast clouds
180,Yellowknife,CA,2021-11-26 00:38:56,62.456,-114.3525,11.41,91,90,11.5,light snow
181,Longyearbyen,SJ,2021-11-26 00:37:57,78.2186,15.6401,10.24,61,75,16.11,broken clouds
182,Verkhoyansk,RU,2021-11-26 00:45:48,67.5447,133.385,-38.22,99,46,1.16,scattered clouds
183,Albion,US,2021-11-26 00:45:49,42.2431,-84.753,36.41,90,90,10.36,overcast clouds
184,Atambua,ID,2021-11-26 00:45:49,-9.1061,124.8925,83.64,67,19,2.17,few clouds
185,Port Blair,IN,2021-11-26 00:45:50,11.6667,92.75,79.18,82,87,2.28,overcast clouds
186,Hirara,JP,2021-11-26 00:45:50,24.8,125.2833,75.06,68,40,17.27,scattered clouds
187,Cayenne,GF,2021-11-26 00:45:51,4.9333,-52.3333,81.09,83,90,1.01,overcast clouds
188,Micheweni,TZ,2021-11-26 00:45:51,-4.9667,39.8333,80.76,79,100,7.4,overcast clouds
189,Narasannapeta,IN,2021-11-26 00:45:52,18.4167,84.05,72.82,89,25,5.7,scattered clouds
190,Tura,IN,2021-11-26 00:45:52,25.5198,90.2201,57.47,64,0,3.36,clear sky
191,Cidreira,BR,2021-11-26 00:45:53,-30.1811,-50.2056,69.31,97,100,8.61,overcast clouds
192,Abu Kamal,SY,2021-11-26 00:45:53,34.4506,40.9171,60.04,50,5,7.61,clear sky
193,Boende,CD,2021-11-26 00:45:54,-0.2167,20.8667,71.17,94,100,1.81,overcast clouds
194,The Valley,AI,2021-11-26 00:45:55,18.217,-63.0578,77.83,76,100,12.03,overcast clouds
195,Voh,NC,2021-11-26 00:45:55,-20.9667,164.7,87.35,48,28,2.89,scattered clouds
196,Big Spring,US,2021-11-26 00:45:56,32.2504,-101.4787,49.28,33,1,1.99,clear sky
197,Ayr,GB,2021-11-26 00:45:56,55.4627,-4.6339,48.18,87,75,19.57,light rain
198,Acarau,BR,2021-11-26 00:45:57,-2.8856,-40.12,80.96,76,63,14.65,broken clouds
199,Olafsvik,IS,2021-11-26 00:45:57,64.8945,-23.7142,31.77,64,3,12.73,clear sky
200,Kavieng,PG,2021-11-26 00:45:58,-2.5744,150.7967,85.55,65,63,5.86,broken clouds
201,Honiara,SB,2021-11-26 00:45:58,-9.4333,159.95,83.7,72,95,2.68,overcast clouds
202,Nizwa,OM,2021-11-26 00:45:59,22.9333,57.5333,68.38,55,4,1.39,clear sky
203,Bosaso,SO,2021-11-26 00:45:59,11.2842,49.1816,77.2,83,61,0.74,broken clouds
204,Coihaique,CL,2021-11-26 00:46:00,-45.5752,-72.0662,51.75,54,75,6.91,broken clouds
205,Xichang,CN,2021-11-26 00:46:00,27.8964,102.2634,50.23,82,100,1.1,overcast clouds
206,Asau,RO,2021-11-26 00:46:01,46.4333,26.4,31.75,71,1,6.17,clear sky
207,Doha,QA,2021-11-26 00:45:36,25.2867,51.5333,73.38,68,0,6.91,clear sky
208,Springdale,US,2021-11-26 00:42:25,36.1867,-94.1288,39.31,68,1,6.91,clear sky
209,Asosa,ET,2021-11-26 00:46:02,10.0667,34.5333,65.59,35,35,6.55,scattered clouds
210,Glenwood Springs,US,2021-11-26 00:46:02,39.5505,-107.3248,38.43,47,1,4.61,clear sky
211,Lensk,RU,2021-11-26 00:46:03,60.7253,114.9278,-1.71,97,98,3.67,overcast clouds
212,Dingle,PH,2021-11-26 00:37:43,10.9995,122.6711,82.53,83,100,6.46,overcast clouds
213,Hamilton,US,2021-11-26 00:34:56,39.1834,-84.5333,44.35,90,90,5.01,overcast clouds
214,Clyde River,CA,2021-11-26 00:46:03,70.4692,-68.5914,-1.71,99,100,3.24,overcast clouds
215,Zhangjiakou,CN,2021-11-26 00:46:04,40.81,114.8794,27.63,61,1,4.0,clear sky
216,Airai,TL,2021-11-26 00:37:58,-8.9266,125.4092,73.78,64,25,0.87,scattered clouds
217,Nguruka,TZ,2021-11-26 00:46:05,-5.1092,31.0419,64.92,91,100,2.28,overcast clouds
218,Sonqor,IR,2021-11-26 00:46:05,34.7837,47.6004,38.21,45,100,3.29,overcast clouds
219,Mujiayingzi,CN,2021-11-26 00:46:06,42.1167,118.7833,25.59,60,0,5.99,clear sky
220,Coquimbo,CL,2021-11-26 00:43:28,-29.9533,-71.3436,58.73,88,90,8.05,overcast clouds
221,Mahebourg,MU,2021-11-26 00:46:06,-20.4081,57.7,73.69,88,40,3.44,scattered clouds
222,Lebu,CL,2021-11-26 00:47:07,-37.6167,-73.65,54.09,92,39,13.31,scattered clouds
223,Koumac,NC,2021-11-26 00:47:07,-20.5667,164.2833,82.15,61,11,5.32,few clouds
224,Labuhan,ID,2021-11-26 00:47:08,-6.8844,112.2051,82.71,75,100,10.49,overcast clouds
225,Rockland,US,2021-11-26 00:47:08,41.1668,-74.0496,51.75,52,100,3.87,overcast clouds
226,Vidalia,US,2021-11-26 00:46:12,32.2177,-82.4135,57.27,76,1,0.0,clear sky
227,Lompoc,US,2021-11-26 00:47:09,34.6391,-120.4579,65.7,69,20,9.22,few clouds
228,Dimbokro,CI,2021-11-26 00:47:09,6.6451,-4.7048,75.11,89,7,3.53,clear sky
229,Tunceli,TR,2021-11-26 00:47:10,39.1083,39.5471,47.26,94,100,1.92,overcast clouds
230,Shimoda,JP,2021-11-26 00:47:10,34.6667,138.95,61.16,53,0,19.73,clear sky
231,Vostok,RU,2021-11-26 00:47:11,46.4856,135.8833,11.89,93,100,4.52,light snow
232,Sechura,PE,2021-11-26 00:47:11,-5.5569,-80.8222,68.23,77,65,13.76,broken clouds
233,Westport,US,2021-11-26 00:42:12,41.1415,-73.3579,53.85,60,90,1.99,overcast clouds
234,Ilulissat,GL,2021-11-26 00:47:12,69.2167,-51.1,23.02,58,100,20.71,overcast clouds
235,Meulaboh,ID,2021-11-26 00:47:12,4.1363,96.1285,77.74,88,89,3.91,overcast clouds
236,Svetlogorsk,BY,2021-11-26 00:47:13,52.6333,29.7333,31.8,80,16,14.52,few clouds
237,Brownsville,US,2021-11-26 00:47:13,25.9018,-97.4975,69.75,87,90,13.0,moderate rain
238,Asfi,MA,2021-11-26 00:47:14,32.2994,-9.2372,61.65,63,87,2.42,overcast clouds
239,Keita,NE,2021-11-26 00:47:14,14.7551,5.7749,78.8,19,0,6.15,clear sky
240,Pacific Grove,US,2021-11-26 00:45:02,36.6177,-121.9166,67.89,52,1,1.99,clear sky
241,Samarai,PG,2021-11-26 00:47:15,-10.6167,150.6667,85.37,69,98,13.35,overcast clouds
242,Jaumave,MX,2021-11-26 00:47:16,23.4167,-99.3833,69.94,83,91,3.06,overcast clouds
243,Cairns,AU,2021-11-26 00:47:16,-16.9167,145.7667,87.75,58,100,12.66,overcast clouds
244,Rio Gallegos,AR,2021-11-26 00:39:16,-51.6226,-69.2181,50.05,40,20,27.63,few clouds
245,Nueve De Julio,AR,2021-11-26 00:47:17,-35.4444,-60.8831,67.71,73,0,2.73,clear sky
246,Touba,CI,2021-11-26 00:47:17,8.2833,-7.6833,72.81,41,34,0.94,scattered clouds
247,Kargasok,RU,2021-11-26 00:47:18,59.0556,80.8572,0.3,96,19,8.34,few clouds
248,Tasiilaq,GL,2021-11-26 00:47:18,65.6145,-37.6368,26.76,54,100,9.64,overcast clouds
249,Changzhou,CN,2021-11-26 00:47:19,31.7833,119.9667,55.99,52,0,3.58,clear sky
250,College,US,2021-11-26 00:47:19,64.8569,-147.8028,-2.78,69,90,4.61,light snow
251,Zeya,RU,2021-11-26 00:47:20,53.75,127.2667,18.07,68,100,1.36,overcast clouds
252,Matamoros,MX,2021-11-26 00:47:20,25.5333,-103.25,77.11,29,75,5.75,broken clouds
253,Geraldton,AU,2021-11-26 00:37:51,-28.7667,114.6,90.01,12,0,24.16,clear sky
254,Srednekolymsk,RU,2021-11-26 00:47:21,67.45,153.6833,-34.11,100,21,2.19,few clouds
255,Angoche,MZ,2021-11-26 00:47:21,-16.2325,39.9086,78.13,74,99,11.39,overcast clouds
256,Vila Franca Do Campo,PT,2021-11-26 00:47:22,37.7167,-25.4333,59.41,72,68,16.02,broken clouds
257,Gwanda,ZW,2021-11-26 00:47:22,-20.9333,29.0,62.06,81,100,13.91,overcast clouds
258,Belomorsk,RU,2021-11-26 00:47:23,64.5232,34.7668,26.58,93,100,12.19,light snow
259,Pevek,RU,2021-11-26 00:47:23,69.7008,170.3133,-15.5,100,100,2.64,overcast clouds
260,Port Moresby,PG,2021-11-26 00:47:24,-9.4431,147.1797,89.02,66,40,11.5,haze
261,Bengkulu,ID,2021-11-26 00:47:24,-3.8004,102.2655,81.81,72,37,2.98,scattered clouds
262,Khani,GE,2021-11-26 00:47:25,41.9563,42.9566,40.57,89,99,4.38,light rain
263,Ngunguru,NZ,2021-11-26 00:47:25,-35.6167,174.5,65.95,66,6,9.98,clear sky
264,Jalu,LY,2021-11-26 00:39:16,29.0331,21.5482,70.11,27,4,16.46,clear sky
265,Chase,CA,2021-11-26 00:43:11,50.8165,-119.6857,42.55,96,100,3.98,overcast clouds
266,Mount Gambier,AU,2021-11-26 00:37:53,-37.8333,140.7667,55.31,71,90,23.02,overcast clouds
267,Toamasina,MG,2021-11-26 00:47:27,-18.1667,49.3833,73.4,94,75,6.91,broken clouds
268,Ballina,AU,2021-11-26 00:47:27,-28.8667,153.5667,78.98,84,100,16.08,overcast clouds
269,Caravelas,BR,2021-11-26 00:48:28,-17.7125,-39.2481,71.49,80,5,5.82,clear sky
270,Yining,CN,2021-11-26 00:48:28,29.0361,114.5636,54.18,57,11,0.83,few clouds
271,Sinnamary,GF,2021-11-26 00:48:29,5.3833,-52.95,78.55,85,91,5.23,overcast clouds
272,Thinadhoo,MV,2021-11-26 00:48:29,0.5333,72.9333,81.18,69,99,13.11,overcast clouds
273,Yenagoa,NG,2021-11-26 00:48:30,4.9247,6.2642,75.43,93,40,3.29,scattered clouds
274,Ko Samui,TH,2021-11-26 00:48:30,9.5357,99.9357,80.44,75,100,6.55,overcast clouds
275,Salekhard,RU,2021-11-26 00:48:31,66.53,66.6019,-4.02,91,41,6.15,scattered clouds
276,Kamenka,RU,2021-11-26 00:48:31,51.3223,42.7678,29.75,92,15,9.01,few clouds
277,Jilib,SO,2021-11-26 00:48:31,0.4883,42.7854,76.48,93,88,3.71,overcast clouds
278,Alannay,PH,2021-11-26 00:48:32,18.0574,121.5776,73.17,97,100,0.18,overcast clouds
279,Bethanien,NA,2021-11-26 00:48:32,-26.502,17.1583,64.51,48,97,6.49,overcast clouds
280,Ahuimanu,US,2021-11-26 00:48:33,21.4447,-157.8378,87.51,61,75,9.22,broken clouds
281,Aguimes,ES,2021-11-26 00:48:33,27.9054,-15.4461,63.23,74,75,0.0,broken clouds
282,Sakleshpur,IN,2021-11-26 00:48:34,12.9667,75.7833,64.09,92,100,8.08,overcast clouds
283,Faya,SA,2021-11-26 00:39:10,18.3851,42.4509,55.51,74,3,1.12,clear sky
284,San Pedro Del Parana,PY,2021-11-26 00:48:35,-26.8333,-56.2,74.95,99,100,4.76,overcast clouds
285,Jauja,PE,2021-11-26 00:48:35,-11.7758,-75.4966,51.67,79,91,4.88,overcast clouds
286,Perbaungan,ID,2021-11-26 00:48:36,3.5679,98.956,75.31,96,100,2.44,overcast clouds
287,Chino Valley,US,2021-11-26 00:48:36,34.7575,-112.4538,52.81,28,1,1.99,clear sky
288,Chicama,PE,2021-11-26 00:48:37,-7.8447,-79.1469,63.14,84,84,6.24,broken clouds
289,Amalapuram,IN,2021-11-26 00:48:37,16.5833,82.0167,79.18,92,31,4.32,scattered clouds
290,Morag,PL,2021-11-26 00:48:38,53.9171,19.926,36.66,84,100,14.41,overcast clouds
291,Ancud,CL,2021-11-26 00:48:38,-41.8697,-73.8203,51.42,79,100,4.9,overcast clouds
292,Rauma,FI,2021-11-26 00:48:39,61.1272,21.5113,30.24,73,59,14.67,broken clouds
293,Klaksvik,FO,2021-11-26 00:48:39,62.2266,-6.589,36.52,73,93,37.69,overcast clouds
294,Chapais,CA,2021-11-26 00:47:45,49.7834,-74.8492,28.18,99,100,2.86,light snow
295,San Cristobal,VE,2021-11-26 00:48:40,7.7669,-72.225,71.78,97,99,1.72,overcast clouds
296,Changde,CN,2021-11-26 00:48:40,29.0464,111.6783,56.88,62,89,2.44,overcast clouds
297,Chokurdakh,RU,2021-11-26 00:48:41,70.6333,147.9167,-30.59,100,34,4.14,scattered clouds
298,Alofi,NU,2021-11-26 00:48:41,-19.0595,-169.9187,76.89,88,75,10.36,light intensity shower rain
299,Anadyr,RU,2021-11-26 00:48:42,64.75,177.4833,-5.3,77,20,8.95,few clouds
300,Vila Do Maio,CV,2021-11-26 00:48:42,15.1333,-23.2167,77.79,78,100,13.58,overcast clouds
301,Port Hedland,AU,2021-11-26 00:48:43,-20.3167,118.5667,91.45,21,57,18.41,broken clouds
302,Kirakira,SB,2021-11-26 00:48:43,-10.4544,161.9205,84.06,76,100,4.94,overcast clouds
303,Naro,IT,2021-11-26 00:48:44,37.2935,13.7936,52.23,86,1,6.64,clear sky
304,Tiksi,RU,2021-11-26 00:48:44,71.6872,128.8694,2.3,79,100,5.46,overcast clouds
305,Porto Walter,BR,2021-11-26 00:48:45,-8.2686,-72.7439,78.82,73,89,2.82,overcast clouds
306,Devonport,AU,2021-11-26 00:48:45,-41.1667,146.35,62.1,44,81,2.39,broken clouds
307,Rio Grande,BR,2021-11-26 00:44:48,-32.035,-52.0986,68.34,95,100,10.29,overcast clouds
308,Provideniya,RU,2021-11-26 00:39:17,64.3833,-173.3,3.31,60,0,6.71,clear sky
309,Conceicao Do Araguaia,BR,2021-11-26 00:48:46,-8.2578,-49.2647,75.2,91,100,1.32,overcast clouds
310,Emba,KZ,2021-11-26 00:48:46,48.8264,58.1442,17.78,90,84,8.88,broken clouds
311,Sabang,ID,2021-11-26 00:48:47,5.8933,95.3214,81.18,70,98,1.86,overcast clouds
312,Lata,PT,2021-11-26 00:48:48,40.1629,-8.3327,43.05,88,11,4.52,few clouds
313,Espanola,US,2021-11-26 00:48:48,35.9911,-106.0806,44.58,43,0,0.85,clear sky
314,Tampere,FI,2021-11-26 00:48:48,61.4991,23.7871,30.31,93,75,4.61,broken clouds
315,Madison,US,2021-11-26 00:48:49,34.7334,-86.5667,55.78,92,90,3.0,light rain
316,Saltpond,GH,2021-11-26 00:49:49,5.2091,-1.0606,80.19,84,4,7.36,clear sky
317,Erdenet,MN,2021-11-26 00:49:50,49.0333,104.0833,17.33,77,100,5.95,overcast clouds
318,Norman Wells,CA,2021-11-26 00:49:50,65.282,-126.8329,-16.56,69,90,6.91,light snow
319,Boddam,GB,2021-11-26 00:49:51,57.4667,-1.7833,43.38,82,100,24.36,light rain
320,Sao Joao Da Barra,BR,2021-11-26 00:46:57,-21.6403,-41.0511,72.54,80,68,10.69,broken clouds
321,Jatiroto,ID,2021-11-26 00:49:51,-7.8833,111.1167,80.6,76,94,6.17,light rain
322,Touros,BR,2021-11-26 00:49:52,-5.1989,-35.4608,81.5,79,8,11.27,clear sky
323,Santa Cruz,BO,2021-11-26 00:46:58,-17.8,-63.1667,74.66,88,75,13.8,broken clouds
324,Galle,LK,2021-11-26 00:49:53,6.0367,80.217,78.3,85,62,7.58,broken clouds
325,Novonikolayevskiy,RU,2021-11-26 00:49:53,50.9738,42.3649,29.79,86,14,8.41,few clouds
326,Belmonte,BR,2021-11-26 00:49:54,-15.8631,-38.8828,75.7,80,2,8.25,clear sky
327,Kailua,US,2021-11-26 00:49:54,21.4022,-157.7394,87.78,65,75,9.22,broken clouds
328,Mantua,IT,2021-11-26 00:49:55,45.1667,10.7833,49.44,92,100,5.99,overcast clouds
329,Vila Velha,BR,2021-11-26 00:49:55,-20.3297,-40.2925,73.94,85,75,3.44,broken clouds
330,West Richland,US,2021-11-26 00:49:56,46.3043,-119.3614,51.04,75,40,1.01,scattered clouds
331,Mindelo,CV,2021-11-26 00:49:56,16.8901,-24.9804,75.92,79,100,12.59,overcast clouds
332,Yamada,JP,2021-11-26 00:49:57,39.4667,141.95,44.33,60,26,12.71,scattered clouds
333,Yukamenskoye,RU,2021-11-26 00:49:57,57.8865,52.2416,10.67,99,97,7.16,overcast clouds
334,Muniz Freire,BR,2021-11-26 00:49:58,-20.4642,-41.4131,65.08,97,73,2.53,broken clouds
335,Noumea,NC,2021-11-26 00:46:40,-22.2763,166.4572,82.99,99,45,10.94,scattered clouds
336,Lubango,AO,2021-11-26 00:49:58,-14.9172,13.4925,58.82,38,90,5.37,overcast clouds
337,Yerbogachen,RU,2021-11-26 00:49:59,61.2767,108.0108,7.74,99,100,3.38,overcast clouds
338,Rivadavia,AR,2021-11-26 00:49:59,-33.1905,-68.4608,81.07,25,0,14.54,clear sky
339,Vestmanna,FO,2021-11-26 00:50:00,62.1564,-7.1664,34.72,75,90,29.93,light rain
340,Mogadishu,SO,2021-11-26 00:49:52,2.0371,45.3438,80.74,81,99,16.02,light rain
341,Itarema,BR,2021-11-26 00:50:00,-2.9248,-39.9167,80.83,76,71,13.8,broken clouds
342,Oktyabrskoye,RU,2021-11-26 00:50:01,43.0645,44.7417,28.54,92,100,2.24,overcast clouds
343,Aykhal,RU,2021-11-26 00:50:01,66.0,111.5,-1.19,98,100,7.09,overcast clouds
344,Chake Chake,TZ,2021-11-26 00:50:02,-5.2459,39.7666,79.88,80,95,7.16,overcast clouds
345,Pindiga,NG,2021-11-26 00:50:02,9.9833,10.9333,72.28,19,9,7.38,clear sky
346,Kabalo,CD,2021-11-26 00:50:03,-6.05,26.9167,68.14,98,100,2.44,overcast clouds
347,Tomatlan,MX,2021-11-26 00:50:03,19.9333,-105.25,71.98,70,24,1.54,few clouds
348,Gazalkent,UZ,2021-11-26 00:50:04,41.5581,69.7708,35.96,98,100,4.21,overcast clouds
349,Dongsheng,CN,2021-11-26 00:50:04,39.8161,109.9776,29.68,38,0,2.89,clear sky
350,Manokwari,ID,2021-11-26 00:50:05,-0.8667,134.0833,84.0,69,77,3.94,broken clouds
351,Quatre Cocos,MU,2021-11-26 00:50:05,-20.2078,57.7625,73.51,79,0,3.62,clear sky
352,Hasaki,JP,2021-11-26 00:50:06,35.7333,140.8333,55.29,56,2,7.11,clear sky
353,Eagle Pass,US,2021-11-26 00:50:06,28.7091,-100.4995,64.27,28,100,13.04,overcast clouds
354,Guaratinga,BR,2021-11-26 00:50:07,-16.5667,-39.5667,74.07,95,8,1.34,clear sky
355,Pangnirtung,CA,2021-11-26 00:50:08,66.1451,-65.7125,22.69,91,100,4.79,light snow
356,Biak,ID,2021-11-26 00:50:08,-0.9131,122.8766,82.6,72,100,0.56,overcast clouds
357,Clive,US,2021-11-26 00:46:21,41.603,-93.7241,25.68,40,1,5.01,clear sky
358,Vung Tau,VN,2021-11-26 00:50:09,10.346,107.0843,76.98,84,100,7.07,overcast clouds
359,Scarborough,GB,2021-11-26 00:49:36,54.2797,-0.4044,39.83,84,99,5.01,light rain
360,Ahipara,NZ,2021-11-26 00:40:30,-35.1667,173.1667,66.22,67,60,3.02,broken clouds
361,Cabedelo,BR,2021-11-26 00:50:10,-6.9811,-34.8339,81.27,78,6,11.92,clear sky
362,Ambon,ID,2021-11-26 00:50:10,-3.6954,128.1814,87.94,66,40,5.75,scattered clouds
363,Matongo,TZ,2021-11-26 00:51:11,-2.3833,34.0833,63.3,91,100,4.43,overcast clouds
364,Nador,MA,2021-11-26 00:51:11,35.174,-2.9287,55.47,87,0,2.3,clear sky
365,Douglas,US,2021-11-26 00:49:27,41.3,-96.167,29.14,60,1,0.0,clear sky
366,Fairbanks,US,2021-11-26 00:51:12,64.8378,-147.7164,-2.76,69,20,0.0,light snow
367,Shiyan,CN,2021-11-26 00:51:12,32.6475,110.7781,52.75,62,0,2.84,clear sky
368,Makat,KZ,2021-11-26 00:51:13,47.6469,53.3463,28.63,67,3,7.78,clear sky
369,Inirida,CO,2021-11-26 00:51:13,3.8653,-67.9239,73.44,97,96,3.13,overcast clouds
370,Curuguaty,PY,2021-11-26 00:51:14,-24.4694,-55.6945,72.68,98,100,5.64,overcast clouds
371,Marana,US,2021-11-26 00:51:14,32.4367,-111.2254,66.33,40,1,5.75,clear sky
372,Necochea,AR,2021-11-26 00:48:26,-38.5473,-58.7368,62.04,75,1,7.99,clear sky
373,Tabou,CI,2021-11-26 00:51:15,4.423,-7.3528,79.05,86,67,7.74,light rain
374,Lucapa,AO,2021-11-26 00:51:15,-8.4192,20.7447,65.43,98,100,2.24,overcast clouds
375,Rochegda,RU,2021-11-26 00:51:16,62.8,43.25,21.94,95,100,10.38,snow
376,Suez,EG,2021-11-26 00:51:16,29.9737,32.5263,63.46,79,0,7.38,clear sky
377,Dongying,CN,2021-11-26 00:51:17,37.4564,118.4856,45.14,54,0,5.14,clear sky
378,Pahrump,US,2021-11-26 00:48:58,36.2083,-115.9839,59.05,12,0,2.68,clear sky
379,Teahupoo,PF,2021-11-26 00:51:17,-17.8333,-149.2667,82.36,71,8,16.04,clear sky
380,Porto Santo,PT,2021-11-26 00:51:18,33.072,-16.3415,62.51,72,40,17.27,scattered clouds
381,Marathon,US,2021-11-26 00:51:18,44.9,-89.7668,20.44,67,1,9.22,clear sky
382,Tautira,PF,2021-11-26 00:51:19,-17.7333,-149.15,87.82,71,3,15.17,clear sky
383,Vallenar,CL,2021-11-26 00:51:19,-28.5708,-70.7581,66.79,59,1,3.29,clear sky
384,Porto Nacional,BR,2021-11-26 00:51:15,-10.7081,-48.4172,73.4,92,100,3.49,overcast clouds
385,Sitka,US,2021-11-26 00:50:23,57.0531,-135.33,37.29,87,90,4.61,moderate rain
386,Ewa Beach,US,2021-11-26 00:46:38,21.3156,-158.0072,87.75,52,75,12.66,broken clouds
387,Nuuk,GL,2021-11-26 00:51:20,64.1835,-51.7216,18.63,84,100,9.01,overcast clouds
388,Kieta,PG,2021-11-26 00:51:21,-6.2167,155.6333,86.0,66,23,5.53,few clouds
389,Kanniyakumari,IN,2021-11-26 00:51:21,8.0833,77.5667,77.36,86,100,5.7,overcast clouds
390,Ribeira Grande,PT,2021-11-26 00:51:21,38.5167,-28.7,63.27,68,17,23.91,few clouds
391,Saint-Louis,SN,2021-11-26 00:51:22,16.3333,-15.0,76.64,21,100,5.37,overcast clouds
392,Tahe,CN,2021-11-26 00:51:22,52.3333,124.7333,9.14,80,100,2.75,overcast clouds
393,Sinj,HR,2021-11-26 00:51:23,43.7036,16.6394,55.29,97,100,10.87,overcast clouds
394,Celestun,MX,2021-11-26 00:51:23,20.8667,-90.4,74.01,68,0,10.78,clear sky
395,Chokwe,MZ,2021-11-26 00:51:24,-24.5333,32.9833,67.96,76,100,4.63,overcast clouds
396,Haines Junction,CA,2021-11-26 00:51:24,60.7522,-137.5108,3.15,72,100,4.61,overcast clouds
397,Casas Grandes,MX,2021-11-26 00:51:25,30.3667,-107.95,42.44,79,87,4.61,overcast clouds
398,Smoky Lake,CA,2021-11-26 00:51:25,54.1169,-112.4686,36.36,75,100,5.75,overcast clouds
399,Blackfoot,US,2021-11-26 00:51:26,43.1905,-112.345,38.35,49,75,3.89,broken clouds
400,Brigantine,US,2021-11-26 00:51:26,39.4101,-74.3646,48.0,70,1,3.44,clear sky
401,Kousseri,CM,2021-11-26 00:51:26,12.0769,15.0306,71.56,15,100,5.75,overcast clouds
402,Yar-Sale,RU,2021-11-26 00:51:27,66.8333,70.8333,1.2,91,99,6.8,overcast clouds
403,Fushun,CN,2021-11-26 00:51:27,41.8558,123.9233,19.11,75,30,3.0,scattered clouds
404,Batagay,RU,2021-11-26 00:51:28,67.6333,134.6333,-36.29,98,58,2.93,broken clouds
405,Praia,CV,2021-11-26 00:51:28,14.9215,-23.5087,77.02,77,100,9.98,overcast clouds
406,San Francisco,US,2021-11-26 00:42:35,37.7749,-122.4194,64.35,63,75,1.01,broken clouds
407,Itaqui,BR,2021-11-26 00:51:29,-29.1253,-56.5531,70.41,75,0,9.13,clear sky
408,Pangkalanbuun,ID,2021-11-26 00:51:29,-2.6833,111.6167,80.87,82,100,2.33,overcast clouds
409,Vad,RU,2021-11-26 00:51:30,55.5301,44.2114,33.89,89,100,16.35,overcast clouds
410,Gornyak,RU,2021-11-26 00:51:30,50.9942,81.4661,13.37,92,90,9.01,overcast clouds
411,Cristalina,BR,2021-11-26 00:51:31,-16.7686,-47.6136,70.39,57,79,6.2,broken clouds
412,Lewisporte,CA,2021-11-26 00:51:31,49.2499,-55.0482,51.13,97,100,8.7,overcast clouds
413,Bayan,CN,2021-11-26 00:52:31,46.0833,127.4,12.18,95,100,5.55,overcast clouds
414,Akdepe,TM,2021-11-26 00:52:32,42.0551,59.3788,30.29,84,5,6.8,clear sky
415,Fayaoue,NC,2021-11-26 00:52:32,-20.65,166.5333,79.07,71,79,7.72,broken clouds
416,Eureka,US,2021-11-26 00:52:33,40.8021,-124.1637,57.2,76,100,0.69,overcast clouds
417,Ariquemes,BR,2021-11-26 00:52:33,-9.9133,-63.0408,74.12,97,100,1.61,overcast clouds
418,Khuzdar,PK,2021-11-26 00:52:34,27.7384,66.6434,53.67,28,0,5.91,clear sky
419,Alyangula,AU,2021-11-26 00:52:34,-13.8483,136.4192,87.67,70,75,4.61,moderate rain
420,Ipora,BR,2021-11-26 00:52:34,-16.4419,-51.1178,74.3,65,100,3.09,overcast clouds
421,Gat,IL,2021-11-26 00:52:35,31.61,34.7642,60.4,82,1,3.04,clear sky
422,Belaya Gora,RU,2021-11-26 00:52:35,68.5333,146.4167,-36.89,100,60,2.53,broken clouds
423,Pyshma,RU,2021-11-26 00:52:36,56.9523,63.2513,5.94,96,14,5.93,few clouds
424,Kuminskiy,RU,2021-11-26 00:52:36,58.6667,66.5667,8.35,94,100,7.78,overcast clouds
425,Omsukchan,RU,2021-11-26 00:52:36,62.5333,155.8,-24.61,98,26,4.36,scattered clouds
426,Eggenstein-Leopoldshafen,DE,2021-11-26 00:52:37,49.0953,8.3906,36.21,84,79,2.13,broken clouds
427,Bathsheba,BB,2021-11-26 00:52:37,13.2167,-59.5167,77.61,88,20,6.91,few clouds
428,Biltine,TD,2021-11-26 00:52:38,14.5333,20.9167,71.35,12,0,12.41,clear sky
429,Altamont,US,2021-11-26 00:51:06,42.2068,-121.7372,46.24,46,1,3.44,clear sky
430,Warmbad,NA,2021-11-26 00:52:39,-28.45,18.7333,67.01,36,0,8.12,clear sky
431,Fuente Palmera,ES,2021-11-26 00:52:39,37.7049,-5.0996,49.12,90,60,2.3,broken clouds
432,Karratha,AU,2021-11-26 00:52:39,-20.7377,116.8463,89.17,23,53,21.79,broken clouds
433,Kalianget,ID,2021-11-26 00:52:40,-7.05,113.9333,83.77,71,89,2.01,light rain
434,George Town,MY,2021-11-26 00:52:16,5.4112,100.3354,78.89,93,20,1.01,few clouds
435,Walvis Bay,NA,2021-11-26 00:52:40,-22.9575,14.5053,60.1,77,31,10.36,scattered clouds
436,Akyab,MM,2021-11-26 00:52:41,20.15,92.9,72.9,83,1,6.64,clear sky
437,Delitzsch,DE,2021-11-26 00:52:41,51.5333,12.35,38.55,87,75,5.75,broken clouds
438,Duluth,US,2021-11-26 00:48:04,46.7833,-92.1066,16.29,58,1,1.01,clear sky
439,Ugoofaaru,MV,2021-11-26 00:52:42,5.6667,73.0,81.12,76,99,10.47,overcast clouds
440,Buchanan,LR,2021-11-26 00:52:43,5.8808,-10.0467,78.69,85,14,5.53,light rain
441,Clifton,US,2021-11-26 00:50:10,40.8584,-74.1638,53.64,45,90,1.01,overcast clouds
442,Camalu,MX,2021-11-26 00:52:43,30.85,-116.0667,69.42,43,0,7.7,clear sky
443,Manggar,ID,2021-11-26 00:52:44,-2.8833,108.2667,81.97,76,94,4.0,moderate rain
444,Jumla,NP,2021-11-26 00:52:44,29.2747,82.1838,36.59,50,0,3.94,clear sky
445,Bowen,AU,2021-11-26 00:52:45,-20.0167,148.2333,86.22,70,97,9.35,overcast clouds
446,Havre-Saint-Pierre,CA,2021-11-26 00:52:45,50.2334,-63.5986,41.36,100,90,8.05,overcast clouds
447,Myitkyina,MM,2021-11-26 00:52:46,25.3833,97.4,59.27,69,0,2.44,clear sky
448,Svetlyy,RU,2021-11-26 00:52:46,54.675,20.1347,37.96,82,100,20.78,overcast clouds
449,Koungou,YT,2021-11-26 00:52:47,-12.7336,45.2042,80.31,83,0,5.75,clear sky
450,Novikovo,RU,2021-11-26 00:52:47,51.1537,37.8879,28.81,85,11,10.8,few clouds
451,Port Augusta,AU,2021-11-26 00:52:47,-32.5,137.7667,67.71,55,79,22.77,broken clouds
452,Maniago,IT,2021-11-26 00:52:48,46.1706,12.7078,47.79,91,100,3.42,light rain
453,Rawson,AR,2021-11-26 00:50:50,-43.3002,-65.1023,59.83,65,83,9.73,broken clouds
454,Luderitz,NA,2021-11-26 00:52:48,-26.6481,15.1594,57.9,96,2,1.07,clear sky
455,Moba,CN,2021-11-26 00:52:49,33.2288,105.0179,38.12,62,100,2.91,overcast clouds
456,Huarmey,PE,2021-11-26 00:52:49,-10.0681,-78.1522,67.32,84,100,7.81,overcast clouds
457,Coahuayana,MX,2021-11-26 00:52:50,18.7333,-103.6833,74.44,85,0,1.07,clear sky
458,Goderich,CA,2021-11-26 00:50:12,43.7501,-81.7165,41.32,81,100,16.11,overcast clouds
459,Prince Rupert,CA,2021-11-26 00:52:50,54.3161,-130.3201,47.89,76,90,11.5,light rain
460,Yulara,AU,2021-11-26 00:53:51,-25.2406,130.9889,69.64,52,0,13.8,clear sky
461,Koslan,RU,2021-11-26 00:53:51,63.4564,48.8989,14.63,92,100,6.96,overcast clouds
462,Urumqi,CN,2021-11-26 00:50:08,43.801,87.6005,38.35,38,0,15.66,clear sky
463,Yarkovo,RU,2021-11-26 00:53:52,57.4028,67.0786,6.6,94,99,6.67,overcast clouds
464,Henties Bay,NA,2021-11-26 00:53:52,-22.116,14.2845,59.86,95,38,3.4,scattered clouds
465,Merauke,ID,2021-11-26 00:53:53,-8.4667,140.3333,86.11,60,96,6.69,overcast clouds
466,Islamabad,PK,2021-11-26 00:53:53,33.7104,73.1338,50.85,72,0,4.29,clear sky
467,Lodja,CD,2021-11-26 00:53:54,-3.4833,23.4333,68.58,100,100,1.63,light rain
468,Dois Vizinhos,BR,2021-11-26 00:53:54,-25.7336,-53.0572,67.53,98,100,3.76,light rain
469,Kiruna,SE,2021-11-26 00:53:55,67.8557,20.2251,4.12,85,90,0.0,light snow
470,Xining,CN,2021-11-26 00:53:55,36.6167,101.7667,28.09,38,0,1.97,clear sky
471,Taseyevo,RU,2021-11-26 00:53:56,57.2169,94.8978,20.3,93,100,10.8,overcast clouds
472,Kahului,US,2021-11-26 00:53:56,20.8947,-156.47,83.46,71,40,23.02,scattered clouds
473,Sanmenxia,CN,2021-11-26 00:53:57,34.7747,111.1814,46.78,42,6,1.9,clear sky
474,Olga,RU,2021-11-26 00:53:57,43.7444,135.2892,27.41,48,0,13.29,clear sky
475,Bairiki,KI,2021-11-26 00:53:58,1.3292,172.9752,87.8,62,20,14.97,few clouds
476,Pita,GN,2021-11-26 00:53:58,10.8333,-12.5833,73.26,39,20,4.09,few clouds
477,San Quintin,MX,2021-11-26 00:53:59,30.4833,-115.95,64.36,54,0,2.98,clear sky
478,Maceio,BR,2021-11-26 00:49:54,-9.6658,-35.7353,80.04,83,40,4.61,scattered clouds
479,Swiecie,PL,2021-11-26 00:53:59,53.4095,18.4474,38.8,86,100,12.39,overcast clouds
480,Neiafu,TO,2021-11-26 00:54:00,-18.65,-173.9833,84.88,70,75,8.05,broken clouds
481,Trofors,NO,2021-11-26 00:54:00,65.5333,13.4063,25.95,97,100,3.04,overcast clouds
482,Whitehorse,CA,2021-11-26 00:54:01,60.7161,-135.0538,13.1,85,90,5.75,light snow
483,Houffalize,BE,2021-11-26 00:54:01,50.1332,5.7889,35.82,100,95,3.85,overcast clouds
484,Demyanovo,RU,2021-11-26 00:54:02,60.3511,47.0842,23.22,95,100,11.52,light snow
485,Puerto Cabezas,NI,2021-11-26 00:54:02,14.0351,-83.3888,75.72,90,39,8.3,scattered clouds
486,Koumra,TD,2021-11-26 00:54:03,8.9126,17.5539,73.11,27,10,3.13,clear sky
487,Pangoa,PE,2021-11-26 00:54:03,-12.1167,-73.0,72.03,78,100,2.55,overcast clouds
488,Hualmay,PE,2021-11-26 00:54:04,-11.0964,-77.6139,66.11,86,100,9.01,overcast clouds
489,Puerto Colombia,CO,2021-11-26 00:54:04,10.9878,-74.9547,80.69,82,100,22.15,overcast clouds
490,Yarensk,RU,2021-11-26 00:54:05,62.1675,49.0916,14.99,93,100,6.98,light snow
491,Chipiona,ES,2021-11-26 00:54:05,36.7366,-6.437,48.67,93,20,5.75,few clouds
492,Roald,NO,2021-11-26 00:54:06,62.5833,6.1333,32.32,86,40,8.05,light snow
493,Marsh Harbour,BS,2021-11-26 00:54:06,26.5412,-77.0636,73.02,65,95,13.47,overcast clouds
494,Mitsamiouli,KM,2021-11-26 00:54:06,-11.3847,43.2844,79.57,76,88,4.88,overcast clouds
495,Marzuq,YE,2021-11-26 00:54:07,14.4,46.4667,65.52,36,93,2.15,overcast clouds
496,Thiruvananthapuram,IN,2021-11-26 00:49:40,8.4833,76.9167,75.18,100,75,8.05,heavy intensity rain
497,Iralaya,HN,2021-11-26 00:54:08,15.0,-83.2333,78.89,85,100,5.61,overcast clouds
498,Troitsko-Pechorsk,RU,2021-11-26 00:54:08,62.7084,56.1964,-1.16,99,100,2.93,overcast clouds
499,Ilhabela,BR,2021-11-26 00:54:08,-23.7781,-45.3581,72.05,93,80,10.8,broken clouds
500,Broken Hill,AU,2021-11-26 00:54:09,-31.95,141.4333,56.91,77,90,26.46,overcast clouds
501,Sapa,PH,2021-11-26 00:54:09,5.1544,120.3241,82.63,77,98,5.03,overcast clouds
502,Utica,US,2021-11-26 00:49:35,43.1009,-75.2327,42.91,87,100,3.94,light rain
503,Portland,US,2021-11-26 00:49:07,45.5234,-122.6762,54.73,72,75,1.99,broken clouds
504,Chifeng,CN,2021-11-26 00:54:10,42.2683,118.9636,27.01,56,0,5.23,clear sky
505,Winona,US,2021-11-26 00:54:10,43.9666,-91.7668,20.44,57,0,8.01,clear sky
506,Nouakchott,MR,2021-11-26 00:54:11,18.0858,-15.9785,76.93,40,100,1.28,overcast clouds
507,Holguin,CU,2021-11-26 00:54:11,20.8872,-76.2631,73.98,59,100,7.02,overcast clouds
508,Ostrovnoy,RU,2021-11-26 00:54:12,68.0531,39.5131,24.21,62,100,10.98,overcast clouds
509,Tomohon,ID,2021-11-26 00:55:12,1.3346,124.8392,72.54,88,100,1.25,light rain
510,Barcelos,PT,2021-11-26 00:55:13,41.5388,-8.6151,50.14,86,0,7.02,clear sky
511,La Ronge,CA,2021-11-26 00:55:13,55.1001,-105.2842,16.05,79,90,10.36,light snow
512,Vao,NC,2021-11-26 00:55:14,-22.6667,167.4833,75.83,86,2,16.73,clear sky
513,Shache,CN,2021-11-26 00:55:14,38.4167,77.2406,30.07,43,9,2.62,clear sky
514,Lewisville,US,2021-11-26 00:51:00,33.0462,-96.9942,54.07,44,75,3.0,broken clouds
515,Hambantota,LK,2021-11-26 00:55:15,6.1241,81.1185,77.27,87,99,8.59,overcast clouds
516,Mehamn,NO,2021-11-26 00:55:15,71.0357,27.8492,18.63,75,100,9.15,overcast clouds
517,Qena,EG,2021-11-26 00:55:16,26.1615,32.7183,59.11,36,0,4.47,clear sky
518,Jurbarkas,LT,2021-11-26 00:55:16,55.0778,22.7664,35.69,78,95,14.25,overcast clouds
519,Cosala,MX,2021-11-26 00:55:17,24.4125,-106.6908,69.82,52,100,1.05,overcast clouds
520,Tigil,RU,2021-11-26 00:55:17,57.8,158.6667,15.93,81,51,13.04,broken clouds
521,Mirnyy,RU,2021-11-26 00:55:18,62.5353,113.9611,2.62,98,100,4.05,overcast clouds
522,Obninsk,RU,2021-11-26 00:55:18,55.0969,36.6103,35.87,86,74,13.94,broken clouds
523,Juneau,US,2021-11-26 00:53:08,58.3019,-134.4197,38.21,95,90,5.75,moderate rain
524,Bud,US,2021-11-26 00:55:19,39.447,-86.1758,39.31,88,100,15.95,overcast clouds
525,Acapulco,MX,2021-11-26 00:55:19,16.8634,-99.8901,78.58,81,1,5.21,clear sky
526,Kanker,IN,2021-11-26 00:55:20,20.2719,81.4931,62.44,72,28,1.32,scattered clouds
527,Selenginsk,RU,2021-11-26 00:55:20,52.0064,106.8647,-1.79,79,100,9.26,overcast clouds
528,Lasa,IT,2021-11-26 00:55:20,46.6166,10.7002,38.14,96,100,1.05,overcast clouds
529,Nipawin,CA,2021-11-26 00:55:21,53.3668,-104.0009,15.84,92,90,11.5,overcast clouds
530,Goure,NE,2021-11-26 00:55:21,13.9835,10.2704,78.03,19,1,7.7,clear sky
531,Lumberton,US,2021-11-26 00:55:22,34.6182,-79.0086,53.35,47,100,7.65,overcast clouds
532,Banjar,ID,2021-11-26 00:55:22,-8.19,114.9675,82.26,73,59,3.74,broken clouds
533,Mogok,MM,2021-11-26 00:55:22,22.9167,96.5,58.89,83,0,1.48,clear sky
534,Dunedin,NZ,2021-11-26 00:55:23,-45.8742,170.5036,61.97,63,100,6.55,overcast clouds
535,Tuatapere,NZ,2021-11-26 00:55:23,-46.1333,167.6833,51.04,98,100,6.26,light rain
536,Belfast,GB,2021-11-26 00:55:24,54.5833,-5.9333,46.22,91,75,11.5,light rain
537,Muros,ES,2021-11-26 00:55:24,42.7762,-9.0603,53.83,82,50,17.43,scattered clouds
538,Kembe,CF,2021-11-26 00:55:25,4.6228,21.8865,69.24,56,35,1.72,scattered clouds
539,Kayanza,BI,2021-11-26 00:55:25,-3.0667,29.6667,57.34,94,100,1.99,overcast clouds
540,Chernyshevskiy,RU,2021-11-26 00:55:25,63.0128,112.4714,-1.66,100,99,2.64,overcast clouds
541,Zhaotong,CN,2021-11-26 00:55:26,27.3167,103.7167,38.21,97,100,5.3,overcast clouds
542,Sibolga,ID,2021-11-26 00:55:26,1.7427,98.7792,78.62,84,100,1.88,overcast clouds
543,Sobolevo,RU,2021-11-26 00:55:27,54.4299,31.8996,29.73,85,40,16.35,scattered clouds
544,Sambava,MG,2021-11-26 00:55:27,-14.2667,50.1667,72.3,86,16,5.17,few clouds
545,Korla,CN,2021-11-26 00:55:28,41.7597,86.1469,26.55,60,11,4.0,few clouds
546,Arlit,NE,2021-11-26 00:55:28,18.7369,7.3853,74.8,22,4,10.85,clear sky
547,Milkovo,RU,2021-11-26 00:55:29,54.7167,158.6167,22.44,93,100,0.67,overcast clouds
548,Siemiatycze,PL,2021-11-26 00:55:29,52.4272,22.8623,38.25,87,100,10.96,overcast clouds
549,Alekseyevsk,RU,2021-11-26 00:55:30,57.8406,108.3492,16.21,95,100,3.96,light snow
550,Ozernovskiy,RU,2021-11-26 00:55:30,51.5,156.5167,36.46,84,100,3.56,overcast clouds
551,Nyimba,ZM,2021-11-26 00:55:30,-14.5566,30.8149,69.17,85,100,6.08,overcast clouds
552,Nanortalik,GL,2021-11-26 00:55:31,60.1432,-45.2371,39.65,98,100,12.33,light rain
553,Beska,RS,2021-11-26 00:55:31,45.1297,20.0661,47.79,96,70,14.41,broken clouds
554,Taltal,CL,2021-11-26 00:55:32,-25.4,-70.4833,61.0,81,35,2.68,scattered clouds
555,Mount Isa,AU,2021-11-26 00:53:16,-20.7333,139.5,82.17,44,40,11.5,scattered clouds
556,Brae,GB,2021-11-26 00:56:32,60.3964,-1.353,42.71,83,100,11.9,overcast clouds
557,Ponta Delgada,PT,2021-11-26 00:56:33,37.7333,-25.6667,59.72,77,75,12.66,broken clouds
558,Kamennogorsk,RU,2021-11-26 00:56:33,60.9545,29.1339,32.85,100,100,2.42,light snow
559,Bonthe,SL,2021-11-26 00:56:34,7.5264,-12.505,79.88,83,11,5.48,few clouds
560,Grand Gaube,MU,2021-11-26 00:56:34,-20.0064,57.6608,73.8,80,3,6.22,clear sky
561,Keningau,MY,2021-11-26 00:56:35,5.3378,116.1602,79.25,88,100,0.43,overcast clouds
562,Fort Madison,US,2021-11-26 00:56:35,40.6298,-91.3151,27.32,54,0,9.22,clear sky
563,Mumford,GH,2021-11-26 00:56:35,5.2618,-0.759,80.55,83,7,7.67,clear sky
564,Doume,CM,2021-11-26 00:56:36,4.2333,13.45,65.86,65,22,3.24,few clouds
565,Voznesenye,RU,2021-11-26 00:56:36,61.0106,35.4781,37.51,97,100,14.27,overcast clouds
566,Marseille,FR,2021-11-26 00:56:37,43.3333,5.5,47.52,92,100,5.95,overcast clouds
567,Niculitel,RO,2021-11-26 00:56:37,45.1833,28.4833,36.99,81,2,9.24,clear sky
568,Harnosand,SE,2021-11-26 00:56:38,62.6323,17.9379,21.0,65,14,10.31,few clouds
569,Axim,GH,2021-11-26 00:56:38,4.8699,-2.2405,79.56,85,6,7.07,clear sky
570,Kamennomostskoye,RU,2021-11-26 00:56:38,43.7372,43.0514,26.13,77,100,2.84,overcast clouds
571,Shanhetun,CN,2021-11-26 00:56:39,44.7,127.2,15.55,91,100,6.17,overcast clouds
572,Venustiano Carranza,MX,2021-11-26 00:56:39,19.43,-99.0992,64.83,51,81,7.54,broken clouds
573,Abu Zabad,SD,2021-11-26 00:56:40,12.35,29.25,67.75,18,8,12.44,clear sky
574,Wagar,SD,2021-11-26 00:56:40,16.1525,36.2032,74.3,74,0,13.0,clear sky
575,Lanxi,CN,2021-11-26 00:56:41,29.2195,119.477,53.01,65,0,1.25,clear sky
576,Kutum,SD,2021-11-26 00:56:41,14.2,24.6667,58.98,18,1,7.0,clear sky
577,Verkh-Usugli,RU,2021-11-26 00:56:42,52.7,115.1667,-1.46,99,94,0.65,overcast clouds
578,Amuntai,ID,2021-11-26 00:56:42,-2.4177,115.2494,79.3,87,100,1.92,light rain
579,Alora,ES,2021-11-26 00:56:43,36.8236,-4.7058,50.49,82,92,3.06,overcast clouds
580,Cooma,AU,2021-11-26 00:56:43,-36.2333,149.1333,51.57,100,90,13.8,light rain
581,Kenai,US,2021-11-26 00:52:32,60.5544,-151.2583,19.02,89,90,4.61,light snow
582,Uruburetama,BR,2021-11-26 00:52:08,-3.625,-39.5083,77.09,79,96,4.09,overcast clouds
583,Pittsburg,US,2021-11-26 00:54:44,38.028,-121.8847,62.91,70,100,3.0,overcast clouds
584,Wau,SS,2021-11-26 00:56:44,7.7029,27.9953,73.45,25,11,5.44,few clouds
585,Taoudenni,ML,2021-11-26 00:56:45,22.6783,-3.9836,75.65,34,43,8.59,scattered clouds
586,Chibuto,MZ,2021-11-26 00:56:45,-24.6867,33.5306,66.11,81,82,3.83,broken clouds
587,Atar,MR,2021-11-26 00:52:29,20.5169,-13.0499,79.36,28,100,3.42,overcast clouds
588,Qinhuangdao,CN,2021-11-26 00:56:46,39.9317,119.5883,40.82,44,0,6.31,clear sky
589,Raudeberg,NO,2021-11-26 00:56:46,61.9875,5.1352,31.19,94,100,3.0,snow
590,Suixi,CN,2021-11-26 00:56:47,33.8907,116.7747,49.78,44,0,5.03,clear sky
591,Saint Anthony,US,2021-11-26 00:56:47,45.0205,-93.218,20.25,50,1,3.0,clear sky
592,Gizo,SB,2021-11-26 00:56:48,-8.103,156.8419,84.24,71,17,3.29,light rain
593,Chara,RU,2021-11-26 00:56:48,56.9064,118.2631,-6.59,76,0,1.5,clear sky
594,Qandala,SO,2021-11-26 00:56:49,11.472,49.8728,78.57,81,51,5.06,broken clouds
595,Tabuk,PH,2021-11-26 00:56:49,17.4189,121.4443,73.49,92,100,3.71,overcast clouds
596,Kismayo,SO,2021-11-26 00:56:50,-0.3582,42.5454,79.56,86,86,11.65,overcast clouds
597,Nishihara,JP,2021-11-26 00:56:50,26.1842,127.7558,70.88,60,40,12.66,scattered clouds
598,Margate,GB,2021-11-26 00:56:51,51.3813,1.3862,38.7,76,94,16.8,overcast clouds
599,Wasilla,US,2021-11-26 00:56:52,61.5814,-149.4394,14.95,75,90,1.01,light snow
600,Fukue,JP,2021-11-26 00:56:52,32.6881,128.8419,57.56,62,20,10.36,few clouds
601,Hovd,MN,2021-11-26 00:56:52,48.0056,91.6419,30.6,37,100,10.09,overcast clouds
602,Uruacu,BR,2021-11-26 00:56:53,-14.5247,-49.1408,73.92,73,100,1.77,overcast clouds
603,Pitsunda,GE,2021-11-26 00:56:53,43.1592,40.3378,39.38,47,49,7.58,scattered clouds
604,Verkhnevilyuysk,RU,2021-11-26 01:00:24,63.4453,120.3167,-6.81,100,90,3.06,overcast clouds
605,Chumikan,RU,2021-11-26 01:00:25,54.7183,135.315,10.02,93,100,9.48,overcast clouds
606,Nemuro,JP,2021-11-26 01:00:25,43.3236,145.575,37.4,60,7,19.26,clear sky
607,Ca Mau,VN,2021-11-26 01:00:26,9.1769,105.15,77.92,85,100,6.82,overcast clouds
608,Costa Rica,BR,2021-11-26 01:00:26,-23.4167,-54.65,70.86,95,100,3.94,moderate rain
609,Funtua,NG,2021-11-26 01:00:27,11.5233,7.3081,68.9,26,3,7.67,clear sky
610,Ichihara,JP,2021-11-26 01:00:27,35.5167,140.0833,59.22,47,0,5.3,clear sky
611,Dahod,IN,2021-11-26 01:00:28,22.8333,74.2667,65.8,49,0,6.06,clear sky
612,Duzce,TR,2021-11-26 01:00:28,40.8389,31.1639,46.06,77,0,5.37,clear sky
613,Russell,US,2021-11-26 01:00:29,32.3502,-85.1999,55.11,92,73,4.25,broken clouds
614,Laguna,US,2021-11-26 01:00:30,38.421,-121.4238,61.3,69,1,4.61,haze
615,Mitchell,US,2021-11-26 00:56:06,43.7094,-98.0298,23.11,61,100,5.01,overcast clouds
616,Bima,ID,2021-11-26 01:00:30,-8.4667,118.7167,86.22,68,97,3.49,overcast clouds
617,Muravlenko,RU,2021-11-26 01:00:31,63.7898,74.523,-4.74,98,63,11.07,broken clouds
618,Ternate,ID,2021-11-26 01:00:31,0.8,127.4,81.72,78,100,4.38,overcast clouds
619,Vanimo,PG,2021-11-26 01:00:32,-2.6741,141.3028,78.64,87,100,6.2,overcast clouds
620,Pimenta Bueno,BR,2021-11-26 01:00:32,-11.6725,-61.1936,75.47,94,100,2.62,moderate rain
621,Ligayan,PH,2021-11-26 01:00:33,4.6533,119.4706,82.49,77,97,6.87,overcast clouds
622,Oranjemund,NA,2021-11-26 01:00:33,-28.55,16.4333,61.05,89,0,9.66,clear sky
623,Kampene,CD,2021-11-26 01:00:34,-3.6,26.6667,67.68,100,100,2.01,overcast clouds
624,Tornio,FI,2021-11-26 01:00:35,65.8481,24.1466,8.62,93,100,7.02,light snow
625,Naron,ES,2021-11-26 01:00:35,43.5167,-8.1528,53.6,65,100,14.74,overcast clouds
626,Iskateley,RU,2021-11-26 01:00:36,67.6803,53.1512,1.36,95,79,6.22,broken clouds
627,Unity,CA,2021-11-26 01:00:36,52.4501,-109.1682,26.26,88,54,4.76,broken clouds
628,Santa Fe,AR,2021-11-26 01:00:37,-31.6333,-60.7,70.75,77,0,5.01,light rain
629,Nicolas Bravo,MX,2021-11-26 01:00:37,18.45,-88.9167,73.35,76,97,2.66,overcast clouds
630,Banswada,IN,2021-11-26 01:00:38,18.3833,77.8833,66.51,78,6,1.21,clear sky
631,Starkville,US,2021-11-26 00:58:34,33.4504,-88.8184,57.79,95,100,13.76,overcast clouds
632,Douentza,ML,2021-11-26 01:00:38,14.9951,-2.9517,77.04,28,4,4.72,clear sky
633,Tanete,ID,2021-11-26 01:00:39,-3.9443,119.7848,85.32,74,92,4.23,overcast clouds
634,Okhotsk,RU,2021-11-26 01:00:39,59.3833,143.3,2.98,80,64,8.63,broken clouds
635,Baryshivka,UA,2021-11-26 01:00:40,50.361,31.3217,40.06,87,5,14.79,clear sky
636,Camargo,MX,2021-11-26 01:00:40,27.6667,-105.1667,55.85,41,99,17.34,overcast clouds
637,Boa Vista,BR,2021-11-26 00:58:44,2.8197,-60.6733,84.18,70,0,3.44,clear sky
638,Kenora,CA,2021-11-26 01:00:41,49.8167,-94.4337,15.78,91,17,3.0,few clouds
639,Weligama,LK,2021-11-26 01:00:42,5.9667,80.4167,76.41,89,70,6.55,broken clouds
640,Nouadhibou,MR,2021-11-26 01:00:42,20.931,-17.0347,70.02,79,5,9.44,clear sky
641,Kosonsoy,UZ,2021-11-26 01:00:42,41.2561,71.5508,37.96,66,100,5.5,overcast clouds
642,Sokoni,TZ,2021-11-26 01:00:43,-6.4333,39.55,81.16,78,89,8.84,overcast clouds
643,America Dourada,BR,2021-11-26 01:00:43,-11.4553,-41.4361,70.32,85,89,9.84,overcast clouds
644,Yarmouth,US,2021-11-26 01:00:44,41.7057,-70.2286,50.09,57,12,11.05,few clouds
645,Develi,TR,2021-11-26 01:00:45,38.3906,35.4922,38.55,91,56,1.97,broken clouds
646,Shubarshi,KZ,2021-11-26 01:00:45,48.5872,57.1869,19.36,89,81,9.53,broken clouds
647,Pagudpud,PH,2021-11-26 01:00:46,18.5616,120.7868,79.65,80,100,12.82,overcast clouds
648,Kawardha,IN,2021-11-26 01:00:46,22.0167,81.25,60.96,55,5,3.83,clear sky
649,Mattru,SL,2021-11-26 01:01:47,7.6244,-11.8332,75.99,93,9,1.81,clear sky
650,Fort Nelson,CA,2021-11-26 01:00:42,58.8053,-122.7002,7.34,96,100,2.39,overcast clouds
651,Montepuez,MZ,2021-11-26 01:01:47,-13.1256,38.9997,69.71,93,100,5.12,overcast clouds
652,San Ignacio,BZ,2021-11-26 01:01:48,17.1561,-89.0714,69.67,92,99,3.09,overcast clouds
653,Imbituba,BR,2021-11-26 01:01:48,-28.24,-48.6703,73.81,93,100,8.37,light rain
654,Beira,MZ,2021-11-26 01:01:49,-19.8436,34.8389,76.12,68,100,13.8,overcast clouds
655,Chandia,IN,2021-11-26 01:01:50,23.65,80.7,54.73,57,0,1.45,clear sky
656,Poum,NC,2021-11-26 01:01:50,-20.2333,164.0167,79.38,72,0,14.81,clear sky
657,Yablonovo,RU,2021-11-26 01:01:51,50.8523,37.3574,28.26,82,7,11.95,clear sky
658,Pirovskoye,RU,2021-11-26 01:01:51,57.6267,92.2658,16.32,93,100,11.9,light snow
659,Buta,CD,2021-11-26 01:01:52,2.7858,24.73,68.61,75,99,1.07,overcast clouds
660,Ruteng,ID,2021-11-26 01:01:52,-8.6136,120.4721,74.46,67,68,0.38,broken clouds
661,Diffa,NE,2021-11-26 01:01:53,13.3154,12.6113,73.36,30,3,8.86,clear sky
662,Taunggyi,MM,2021-11-26 01:01:53,20.7833,97.0333,58.41,91,91,1.97,overcast clouds
663,Mandeville,JM,2021-11-26 01:01:54,18.0417,-77.5071,66.25,93,24,3.71,few clouds
664,Jacareacanga,BR,2021-11-26 01:01:54,-6.2222,-57.7528,74.66,97,100,0.36,overcast clouds
665,Saint-Pierre,RE,2021-11-26 01:01:55,-21.3393,55.4781,78.48,69,90,3.44,overcast clouds
666,Furstenfeld,AT,2021-11-26 01:01:55,47.05,16.0833,42.26,82,100,0.78,overcast clouds
667,Ilovlya,RU,2021-11-26 01:01:56,49.3033,43.9796,25.9,85,11,5.55,few clouds
668,Mopti,ML,2021-11-26 01:01:56,14.6667,-4.0,79.83,25,10,9.06,clear sky
669,Dakar,SN,2021-11-26 00:57:25,14.6937,-17.4441,80.73,89,0,0.0,clear sky
670,Forbes,AU,2021-11-26 01:01:57,-33.3833,148.0167,72.91,84,100,6.31,light rain
671,Emirdag,TR,2021-11-26 01:01:57,39.0197,31.15,39.87,86,7,3.22,clear sky
